"run_id","invocation_id","parent_build_id","pair_id","order","profile","scenario","scope","linker","fixture_sha256","source_sha256","cache_policy","output_state","diagnostic_mode","sample_ms","lld_threads","warmup","collector_sha256","post_exit_grace_ms","application_link","capture","exit_code","valid","wall_s","tree_wall_s","cpu_user_s","cpu_kernel_s","tree_cpu_s","average_logical_cpus","peak_tree_commit_bytes","observed_peak_working_set_bytes","tree_page_faults","observed_peak_threads","tree_process_count","read_bytes","write_bytes","read_operations","write_operations","exe_bytes","pdb_bytes","estimated_other_cpu_s","warning_count","started_unix_ms","command_sha256","metrics_path"
"dev-calibration-lld-20260913T202112561-14976d91",,,"calibration-20260913T202026763-5bf67f5f-lld-0","0","dev","calibration","linker","lld","52d38d7028b73b09ea70576be7fc63f5d29350c857307511ad09abe805f54e6e","132e72528e74f93c355aeac362662d00fd33373af4b5eb02f52883463ae1ff72","warm-filesystem","fresh","none","0","0","False",,"1000","True",,"0","True","4,3789109","4,3789307","11,421875","3,171875","14,578125","3,3291517949804508","1571053568",,"1352981",,"2","298198","18262","39","2","173348864","870604800","2,9375","0","1789330872589","17e60c7c1b9903e12c2afc51ca566b9abfa1caa6dcf21d06d13d6195a23ac270","C:\Users\sampo\git\GitComet\target\linker-bench\20260913-main\runs\dev-calibration-lld-20260913T202112561-14976d91\metrics.json"
"dev-calibration-lld-20260913T202118033-5c009b79",,,"calibration-20260913T202026763-5bf67f5f-lld-0","1","dev","calibration","linker","lld","52d38d7028b73b09ea70576be7fc63f5d29350c857307511ad09abe805f54e6e","132e72528e74f93c355aeac362662d00fd33373af4b5eb02f52883463ae1ff72","warm-filesystem","fresh","none","50","0","False",,"1000","True",,"0","True","4,5328230000000005","4,5328345","11,609375","2,9375","14,546875","3,209222617768198","1570037760","4947476480","1352547","37","2","298198","18262","39","2","173348864","870604800","2,6875","0","1789330878057","2021177b85bd9ba8499db7ef105d6f06ecbbb7f091743d3d62b2ced2dedb20f5","C:\Users\sampo\git\GitComet\target\linker-bench\20260913-main\runs\dev-calibration-lld-20260913T202118033-5c009b79\metrics.json"
"dev-calibration-lld-20260913T202123656-951760eb",,,"calibration-20260913T202026763-5bf67f5f-lld-1","0","dev","calibration","linker","lld","52d38d7028b73b09ea70576be7fc63f5d29350c857307511ad09abe805f54e6e","132e72528e74f93c355aeac362662d00fd33373af4b5eb02f52883463ae1ff72","warm-filesystem","fresh","none","50","0","False",,"1000","True",,"0","True","4,52123","4,5212425","12,0625","2,765625","14,8125","3,2762011769994643","1571258368","4948692992","1353183","37","2","298198","18262","39","2","173348864","870604800","4,765625","0","1789330883680","8ba7dc7f5e08dd5eab47b98b3de65e9f82dd7806db1f7b6adce650f208e40a6a","C:\Users\sampo\git\GitComet\target\linker-bench\20260913-main\runs\dev-calibration-lld-20260913T202123656-951760eb\metrics.json"
"dev-calibration-lld-20260913T202129274-a1887e29",,,"calibration-20260913T202026763-5bf67f5f-lld-1","1","dev","calibration","linker","lld","52d38d7028b73b09ea70576be7fc63f5d29350c857307511ad09abe805f54e6e","132e72528e74f93c355aeac362662d00fd33373af4b5eb02f52883463ae1ff72","warm-filesystem","fresh","none","0","0","False",,"1000","True",,"0","True","4,4227573","4,4227843","11,015625","2,796875","13,828125","3,126565543791046","1570074624",,"1353101",,"2","298198","18262","39","2","173348864","870604800","2,140625","0","1789330889316","b82040b98284c3c4b79ad0762a0087eb2f17aefb4c2cf8701399751a5407bf3d","C:\Users\sampo\git\GitComet\target\linker-bench\20260913-main\runs\dev-calibration-lld-20260913T202129274-a1887e29\metrics.json"
"dev-calibration-lld-20260913T202134812-9c1ca553",,,"calibration-20260913T202026763-5bf67f5f-lld-2","0","dev","calibration","linker","lld","52d38d7028b73b09ea70576be7fc63f5d29350c857307511ad09abe805f54e6e","132e72528e74f93c355aeac362662d00fd33373af4b5eb02f52883463ae1ff72","warm-filesystem","fresh","none","0","0","False",,"1000","True",,"0","True","4,3797702","4,3797908","11,015625","2,984375","14","3,196499704963077","1575366656",,"1353758",,"2","298198","18262","39","2","173348864","870604800","2,375","0","1789330894841","69dade68b27cdfa5dd93685e2380ce20716e25499c4d8c39719cbd7134f2d26a","C:\Users\sampo\git\GitComet\target\linker-bench\20260913-main\runs\dev-calibration-lld-20260913T202134812-9c1ca553\metrics.json"
"dev-calibration-lld-20260913T202140274-b25ea7b9",,,"calibration-20260913T202026763-5bf67f5f-lld-2","1","dev","calibration","linker","lld","52d38d7028b73b09ea70576be7fc63f5d29350c857307511ad09abe805f54e6e","132e72528e74f93c355aeac362662d00fd33373af4b5eb02f52883463ae1ff72","warm-filesystem","fresh","none","50","0","False",,"1000","True",,"0","True","4,4971123","4,4971286","12,546875","3,09375","15,65625","3,4813881017322923","1569021952","4946927616","1352432","37","2","298198","18262","39","2","173348864","870604800","3,4375","0","1789330900298","92c99495500bc51fe48921c97014256039bdededb8d5c69ea12c1558ad21689b","C:\Users\sampo\git\GitComet\target\linker-bench\20260913-main\runs\dev-calibration-lld-20260913T202140274-b25ea7b9\metrics.json"
"dev-calibration-msvc-20260913T202026830-53aef0d6",,,"calibration-20260913T202026763-5bf67f5f-msvc-0","0","dev","calibration","linker","msvc","52d38d7028b73b09ea70576be7fc63f5d29350c857307511ad09abe805f54e6e","132e72528e74f93c355aeac362662d00fd33373af4b5eb02f52883463ae1ff72","warm-filesystem","fresh","none","0","0","False",,"1000","True",,"0","True","5,4488527","6,4516952","8,34375","4,9375","13,765625","2,13364465822874","3035713536",,"1905740",,"4","3184525522","775089209","7532","22219","173351424","778440704","2,921875","0","1789330826881","46b9fc24fca3beecd7b7bb332ef536b6b38ffc050d894f87282ec9fb8e6fae37","C:\Users\sampo\git\GitComet\target\linker-bench\20260913-main\runs\dev-calibration-msvc-20260913T202026830-53aef0d6\metrics.json"
"dev-calibration-msvc-20260913T202034544-1fbc168e",,,"calibration-20260913T202026763-5bf67f5f-msvc-0","1","dev","calibration","linker","msvc","52d38d7028b73b09ea70576be7fc63f5d29350c857307511ad09abe805f54e6e","132e72528e74f93c355aeac362662d00fd33373af4b5eb02f52883463ae1ff72","warm-filesystem","fresh","none","50","0","False",,"1000","True",,"0","True","5,7235668","6,7264588","8,28125","4,8125","13,484375","2,0046766658260067","3021176832","5411241984","1946648","38","4","3184525522","775115897","7532","22226","173351424","778440704","7,078125","0","1789330834585","23dcc73365b34b91403a27274a0bfc1fec4b47edfa612a4c54ba7612354d7ed0","C:\Users\sampo\git\GitComet\target\linker-bench\20260913-main\runs\dev-calibration-msvc-20260913T202034544-1fbc168e\metrics.json"
"dev-calibration-msvc-20260913T202042272-90e5674b",,,"calibration-20260913T202026763-5bf67f5f-msvc-1","0","dev","calibration","linker","msvc","52d38d7028b73b09ea70576be7fc63f5d29350c857307511ad09abe805f54e6e","132e72528e74f93c355aeac362662d00fd33373af4b5eb02f52883463ae1ff72","warm-filesystem","fresh","none","50","0","False",,"1000","True",,"0","True","5,6920622","6,6945422","8,5","4,671875","13,609375","2,0329059991585385","3027902464","5420146688","1943480","38","4","3184525522","775089963","7532","22226","173351424","778440704","5,90625","0","1789330842299","6c09a4c6a3c9f7edec9456b2b529f16685b4d75279af42fc31364b60ba257bb8","C:\Users\sampo\git\GitComet\target\linker-bench\20260913-main\runs\dev-calibration-msvc-20260913T202042272-90e5674b\metrics.json"
"dev-calibration-msvc-20260913T202049947-e99d1851",,,"calibration-20260913T202026763-5bf67f5f-msvc-1","1","dev","calibration","linker","msvc","52d38d7028b73b09ea70576be7fc63f5d29350c857307511ad09abe805f54e6e","132e72528e74f93c355aeac362662d00fd33373af4b5eb02f52883463ae1ff72","warm-filesystem","fresh","none","0","0","False",,"1000","True",,"0","True","5,5327861","6,5356015","8,03125","4","12,453125","1,9054290565298388","3036815360",,"1920431",,"4","3184525522","775090083","7532","22226","173351424","778432512","3,640625","0","1789330849971","5ea8c40b4bdf70481254636ba8dd3e008b564ce9f2ed8b5ba71b85e72980af37","C:\Users\sampo\git\GitComet\target\linker-bench\20260913-main\runs\dev-calibration-msvc-20260913T202049947-e99d1851\metrics.json"
"dev-calibration-msvc-20260913T202057456-e55c384a",,,"calibration-20260913T202026763-5bf67f5f-msvc-2","0","dev","calibration","linker","msvc","52d38d7028b73b09ea70576be7fc63f5d29350c857307511ad09abe805f54e6e","132e72528e74f93c355aeac362662d00fd33373af4b5eb02f52883463ae1ff72","warm-filesystem","fresh","none","0","0","False",,"1000","True",,"0","True","5,5265769","6,5287313000000005","8,078125","4,59375","13,109375","2,0079513764029464","3051884544",,"1942898",,"4","3184525522","775089985","7532","22222","173351424","778440704","3,25","0","1789330857484","e6a99c23f171dcdfd0598df7baa7d92aaa1cc1426f7a7d9104e0b754a8a61de9","C:\Users\sampo\git\GitComet\target\linker-bench\20260913-main\runs\dev-calibration-msvc-20260913T202057456-e55c384a\metrics.json"
"dev-calibration-msvc-20260913T202104951-bd14e693",,,"calibration-20260913T202026763-5bf67f5f-msvc-2","1","dev","calibration","linker","msvc","52d38d7028b73b09ea70576be7fc63f5d29350c857307511ad09abe805f54e6e","132e72528e74f93c355aeac362662d00fd33373af4b5eb02f52883463ae1ff72","warm-filesystem","fresh","none","50","0","False",,"1000","True",,"0","True","5,6371861","6,6392913","7,375","5,125","12,984375","1,9556868968831056","3022196736","5474426880","1927484","38","4","3184525522","775089795","7532","22221","173351424","778440704","5,140625","0","1789330864975","df96a3534d41068b2a7b524000a03cab2a0119006d6b07e21b05579e0a1de215","C:\Users\sampo\git\GitComet\target\linker-bench\20260913-main\runs\dev-calibration-msvc-20260913T202104951-bd14e693\metrics.json"
"dev-preflight-lld-20260913T201920075-91ab2d90",,,"","0","dev","preflight","linker","lld","52d38d7028b73b09ea70576be7fc63f5d29350c857307511ad09abe805f54e6e","132e72528e74f93c355aeac362662d00fd33373af4b5eb02f52883463ae1ff72","warm-filesystem","fresh","none","50","0","True",,"1000","True",,"0","True","4,4917916","4,4918142","10,953125","3,28125","14,234375","3,168958992115034","1572626432","4950036480","1353398","37","2","298198","18262","39","2","173348864","870604800","4,28125","0","1789330760100","35f12f2c7f037125e1d6b0573055c85529ee342ac2ada08c7b5cba60270cd61c","C:\Users\sampo\git\GitComet\target\linker-bench\20260913-main\runs\dev-preflight-lld-20260913T201920075-91ab2d90\metrics.json"
"dev-preflight-lld-20260913T202355764-4e1819d2",,,"","0","dev","preflight","linker","lld","52d38d7028b73b09ea70576be7fc63f5d29350c857307511ad09abe805f54e6e","132e72528e74f93c355aeac362662d00fd33373af4b5eb02f52883463ae1ff72","warm-filesystem","fresh","none","50","0","True",,"1000","True",,"0","True","4,5823123","4,5888171","11,34375","3,234375","14,59375","3,180285830088979","1571627008","4949704704","1353220","37","2","298198","18262","39","2","173348864","870604800","6,328125","0","1789331035794","8d42c1b4648634b7659b330312dd1995bd57c19ab2780e1c258a519db28d7d78","C:\Users\sampo\git\GitComet\target\linker-bench\20260913-main\runs\dev-preflight-lld-20260913T202355764-4e1819d2\metrics.json"
"dev-preflight-msvc-20260913T201912198-5aeaa864",,,"","0","dev","preflight","linker","msvc","52d38d7028b73b09ea70576be7fc63f5d29350c857307511ad09abe805f54e6e","132e72528e74f93c355aeac362662d00fd33373af4b5eb02f52883463ae1ff72","warm-filesystem","fresh","none","50","0","True",,"1000","True",,"0","True","5,635607","6,6384067","8,1875","4,671875","13,25","1,995960868140242","3030171648","5432713216","1946012","38","4","3184572844","775089467","7533","22214","173351424","778432512","6,984375","0","1789330752259","ed00172b063979026bf7ba2162f8018e320a2841767c3302064d8741a78171e8","C:\Users\sampo\git\GitComet\target\linker-bench\20260913-main\runs\dev-preflight-msvc-20260913T201912198-5aeaa864\metrics.json"
"dev-preflight-msvc-20260913T202347552-3b364d74",,,"","0","dev","preflight","linker","msvc","52d38d7028b73b09ea70576be7fc63f5d29350c857307511ad09abe805f54e6e","132e72528e74f93c355aeac362662d00fd33373af4b5eb02f52883463ae1ff72","warm-filesystem","fresh","none","50","0","True",,"1000","True",,"0","True","5,7218148","6,7271619000000005","7,8125","4,25","12,5625","1,8674294132864557","3019780096","5440651264","1903706","38","4","3184525522","775090235","7532","22212","173351424","778440704","5,328125","0","1789331027608","f01b379ac62baff89c0da5e5b8da4d5e75bb672bf9e4e17e97195ee21737aa99","C:\Users\sampo\git\GitComet\target\linker-bench\20260913-main\runs\dev-preflight-msvc-20260913T202347552-3b364d74\metrics.json"
"dev-preparation-lld-20260913T200819625-c551825b",,,,,"dev","preparation","cargo","lld",,"132e72528e74f93c355aeac362662d00fd33373af4b5eb02f52883463ae1ff72","warm-filesystem","fresh","none","50",,"False",,,,,"101","True","6,4737471","6,5023213","0,234375","0,796875","1,140625","0,17541812337080298","100421632","112750592","55531","5","6","40562922","27346","2966","42",,,"18,140625",,"1789330099653","bf45bfda0e6246fc14a69a485aaa086b9b09412937e5d969178431b73dfc9996","C:\Users\sampo\git\GitComet\target\linker-bench\20260913-main\runs\dev-preparation-lld-20260913T200819625-c551825b\metrics.json"
"dev-preparation-lld-20260913T200921081-1f3b3725",,,,,"dev","preparation","cargo","lld",,"132e72528e74f93c355aeac362662d00fd33373af4b5eb02f52883463ae1ff72","warm-filesystem","fresh","none","50",,"False",,,,,"101","True","0,6029406","0,602954","0,21875","0,296875","0,59375","0,9847351539255068","101163008","108965888","55529","5","6","40562922","2222","2965","28",,,"2,09375",,"1789330161111","bf45bfda0e6246fc14a69a485aaa086b9b09412937e5d969178431b73dfc9996","C:\Users\sampo\git\GitComet\target\linker-bench\20260913-main\runs\dev-preparation-lld-20260913T200921081-1f3b3725\metrics.json"
"dev-preparation-lld-20260913T201251871-dbdab6c2","1789330373602756500-14056","dev-preparation-lld-20260913T201251871-dbdab6c2",,,"dev","preparation","linker","lld",,"132e72528e74f93c355aeac362662d00fd33373af4b5eb02f52883463ae1ff72","warm-filesystem","fresh","none","50",,"False",,,"False","False","0","True","0,19624","0,253025","0,125","0,046875","0,1875","0,7410334947139611","13373440","26484736","9372","38","2","43150","0","10","0",,,"8,671875",,"1789330373606","43fbc7e4fb876aa5c18cf9deb125a05da0c1a1849da118f8d6ae9a5b9746a765","C:\Users\sampo\git\GitComet\target\linker-bench\20260913-main\runs\dev-preparation-lld-20260913T201251871-dbdab6c2\links\1789330373602756500-14056\metrics.json"
"dev-preparation-lld-20260913T201251871-dbdab6c2","1789330373660522900-21756","dev-preparation-lld-20260913T201251871-dbdab6c2",,,"dev","preparation","linker","lld",,"132e72528e74f93c355aeac362662d00fd33373af4b5eb02f52883463ae1ff72","warm-filesystem","fresh","none","50",,"False",,,"False","False","0","True","0,1735856","0,2757392","0,03125","0,109375","0,15625","0,5666586397581482","13750272","30392320","9854","1","2","43126","0","10","0",,,"9,21875",,"1789330373669","93df1dbcbc7d9f9b54624e3f61a263f24cdab34751d384a7c9174f25bd8bb8c7","C:\Users\sampo\git\GitComet\target\linker-bench\20260913-main\runs\dev-preparation-lld-20260913T201251871-dbdab6c2\links\1789330373660522900-21756\metrics.json"
"dev-preparation-lld-20260913T201251871-dbdab6c2","1789330373769949000-30668","dev-preparation-lld-20260913T201251871-dbdab6c2",,,"dev","preparation","linker","lld",,"132e72528e74f93c355aeac362662d00fd33373af4b5eb02f52883463ae1ff72","warm-filesystem","fresh","none","50",,"False",,,"False","False","0","True","0,1749306","0,1801785","0,046875","0,078125","0,125","0,6937564692790761","14680064","8884224","10183","1","2","43138","0","10","0",,,"5,875",,"1789330373776","cb1dc0aac271f0f36fe02ecbb846a3d5c40b6d6056626828224b219b3be6728d","C:\Users\sampo\git\GitComet\target\linker-bench\20260913-main\runs\dev-preparation-lld-20260913T201251871-dbdab6c2\links\1789330373769949000-30668\metrics.json"
"dev-preparation-lld-20260913T201251871-dbdab6c2","1789330373792259700-24512","dev-preparation-lld-20260913T201251871-dbdab6c2",,,"dev","preparation","linker","lld",,"132e72528e74f93c355aeac362662d00fd33373af4b5eb02f52883463ae1ff72","warm-filesystem","fresh","none","50",,"False",,,"False","False","0","True","0,1909904","0,2883148","0,09375","0,09375","0,1875","0,6503308189520621","13578240","28639232","9541","1","2","43130","0","10","0",,,"9,015625",,"1789330373795","97f447edeb99ce3c5f1fd67a66ce5b1369c2b06cfec4cf514563f152bc5ac74b","C:\Users\sampo\git\GitComet\target\linker-bench\20260913-main\runs\dev-preparation-lld-20260913T201251871-dbdab6c2\links\1789330373792259700-24512\metrics.json"
"dev-preparation-lld-20260913T201251871-dbdab6c2","1789330373837742900-9852","dev-preparation-lld-20260913T201251871-dbdab6c2",,,"dev","preparation","linker","lld",,"132e72528e74f93c355aeac362662d00fd33373af4b5eb02f52883463ae1ff72","warm-filesystem","fresh","none","50",,"False",,,"False","False","0","True","0,2015551","0,2609783","0,0625","0,03125","0,109375","0,419096147074297","13938688","28119040","9970","38","2","43130","0","10","0",,,"8,28125",,"1789330373840","3a6be724c1033e14a33cb4e2856627fef6571a7c7c58a5283931aa1cf7ec9004","C:\Users\sampo\git\GitComet\target\linker-bench\20260913-main\runs\dev-preparation-lld-20260913T201251871-dbdab6c2\links\1789330373837742900-9852\metrics.json"
"dev-preparation-lld-20260913T201251871-dbdab6c2","1789330373850119400-29964","dev-preparation-lld-20260913T201251871-dbdab6c2",,,"dev","preparation","linker","lld",,"132e72528e74f93c355aeac362662d00fd33373af4b5eb02f52883463ae1ff72","warm-filesystem","fresh","none","50",,"False",,,"False","False","0","True","0,1802719","0,2591109","0,03125","0,046875","0,09375","0,3618141884420918","13348864","28803072","9343","1","2","43146","0","10","0",,,"8,484375",,"1789330373854","1f7526c4712e67a66e3b36fb89a0a0db796a8be1f3a3d6e9a496cbd4e09bf615","C:\Users\sampo\git\GitComet\target\linker-bench\20260913-main\runs\dev-preparation-lld-20260913T201251871-dbdab6c2\links\1789330373850119400-29964\metrics.json"
"dev-preparation-lld-20260913T201251871-dbdab6c2","1789330373857185500-22332","dev-preparation-lld-20260913T201251871-dbdab6c2",,,"dev","preparation","linker","lld",,"132e72528e74f93c355aeac362662d00fd33373af4b5eb02f52883463ae1ff72","warm-filesystem","fresh","none","50",,"False",,,"False","False","0","True","0,1851584","0,2571167","0,046875","0,0625","0,140625","0,5469306349995936","14893056","31563776","10198","1","2","43134","0","10","0",,,"8,359375",,"1789330373864","9edb5fe90536f4fc17d0039a89b8353064191475847f0e8d8a919729bc0e9480","C:\Users\sampo\git\GitComet\target\linker-bench\20260913-main\runs\dev-preparation-lld-20260913T201251871-dbdab6c2\links\1789330373857185500-22332\metrics.json"
"dev-preparation-lld-20260913T201251871-dbdab6c2","1789330373925167500-22472","dev-preparation-lld-20260913T201251871-dbdab6c2",,,"dev","preparation","linker","lld",,"132e72528e74f93c355aeac362662d00fd33373af4b5eb02f52883463ae1ff72","warm-filesystem","fresh","none","50",,"False",,,"False","False","0","True","0,2166723","0,2808515","0,0625","0,0625","0,140625","0,500709449655779","14266368","25501696","9784","40","2","43142","0","10","0",,,"9,328125",,"1789330373935","5beaf47b003e99902c891ff19b5780a2bc3f80b55db9fe33c9a9a21c269cc2e3","C:\Users\sampo\git\GitComet\target\linker-bench\20260913-main\runs\dev-preparation-lld-20260913T201251871-dbdab6c2\links\1789330373925167500-22472\metrics.json"
"dev-preparation-lld-20260913T201251871-dbdab6c2","1789330374043528900-11088","dev-preparation-lld-20260913T201251871-dbdab6c2",,,"dev","preparation","linker","lld",,"132e72528e74f93c355aeac362662d00fd33373af4b5eb02f52883463ae1ff72","warm-filesystem","fresh","none","50",,"False",,,"False","False","0","True","0,1842715","0,267372","0,109375","0,078125","0,171875","0,6428309621052317","13778944","27979776","9894","8","2","43126","0","10","0",,,"8,3125",,"1789330374046","d7fb29c968da81442c3774c2ce656eaa889370a6821bfebac5305787098fd317","C:\Users\sampo\git\GitComet\target\linker-bench\20260913-main\runs\dev-preparation-lld-20260913T201251871-dbdab6c2\links\1789330374043528900-11088\metrics.json"
"dev-preparation-lld-20260913T201251871-dbdab6c2","1789330374097572400-5704","dev-preparation-lld-20260913T201251871-dbdab6c2",,,"dev","preparation","linker","lld",,"132e72528e74f93c355aeac362662d00fd33373af4b5eb02f52883463ae1ff72","warm-filesystem","fresh","none","50",,"False",,,"False","False","0","True","0,1863367","0,2778137","0,21875","0,15625","0,375","1,349825440574025","14430208","30859264","9872","1","2","43138","0","10","0",,,"8,609375",,"1789330374100","74aee9216427d0781801bc623d5f10698df1219ba7ff5aef143f164f5081d6db","C:\Users\sampo\git\GitComet\target\linker-bench\20260913-main\runs\dev-preparation-lld-20260913T201251871-dbdab6c2\links\1789330374097572400-5704\metrics.json"
"dev-preparation-lld-20260913T201251871-dbdab6c2","1789330374107411900-20312","dev-preparation-lld-20260913T201251871-dbdab6c2",,,"dev","preparation","linker","lld",,"132e72528e74f93c355aeac362662d00fd33373af4b5eb02f52883463ae1ff72","warm-filesystem","fresh","none","50",,"False",,,"False","False","0","True","0,1798329","0,2793146","0,078125","0,03125","0,125","0,4475240463620591","15011840","32722944","10536","1","2","43134","0","10","0",,,"9,015625",,"1789330374119","2e7b460663bdbb4d1ec6d82485a2d76935a987f0c876a65f954c26136640dbab","C:\Users\sampo\git\GitComet\target\linker-bench\20260913-main\runs\dev-preparation-lld-20260913T201251871-dbdab6c2\links\1789330374107411900-20312\metrics.json"
"dev-preparation-lld-20260913T201251871-dbdab6c2","1789330374132004500-30964","dev-preparation-lld-20260913T201251871-dbdab6c2",,,"dev","preparation","linker","lld",,"132e72528e74f93c355aeac362662d00fd33373af4b5eb02f52883463ae1ff72","warm-filesystem","fresh","none","50",,"False",,,"False","False","0","True","0,1730758","0,1754726","0,140625","0,03125","0,1875","1,068542895016088","14426112","8884224","9938","1","2","43126","0","10","0",,,"5,796875",,"1789330374135","711c1daf57abe517f34ac4832dcfe399d1b77c58a21e4b7a47e0a50487105343","C:\Users\sampo\git\GitComet\target\linker-bench\20260913-main\runs\dev-preparation-lld-20260913T201251871-dbdab6c2\links\1789330374132004500-30964\metrics.json"
"dev-preparation-lld-20260913T201251871-dbdab6c2","1789330374168328400-3644","dev-preparation-lld-20260913T201251871-dbdab6c2",,,"dev","preparation","linker","lld",,"132e72528e74f93c355aeac362662d00fd33373af4b5eb02f52883463ae1ff72","warm-filesystem","fresh","none","50",,"False",,,"False","False","0","True","0,2029644","0,278152","0,109375","0,0625","0,171875","0,6179175414881072","14528512","30449664","9748","1","2","43122","0","10","0",,,"8,8125",,"1789330374171","e96b1fec0d6a473a7bebf7c1ec5235dfaedab7120ed0248ed33f8ffb26821d6a","C:\Users\sampo\git\GitComet\target\linker-bench\20260913-main\runs\dev-preparation-lld-20260913T201251871-dbdab6c2\links\1789330374168328400-3644\metrics.json"
"dev-preparation-lld-20260913T201251871-dbdab6c2","1789330374376983300-13304","dev-preparation-lld-20260913T201251871-dbdab6c2",,,"dev","preparation","linker","lld",,"132e72528e74f93c355aeac362662d00fd33373af4b5eb02f52883463ae1ff72","warm-filesystem","fresh","none","50",,"False",,,"False","False","0","True","0,1905294","0,2387246","0,1875","0,15625","0,359375","1,5053957572868484","15278080","30367744","10587","38","2","43142","0","10","0",,,"7,53125",,"1789330374380","b5fb8412958400fef5fa1078556e84ec7727764a49b69feacd13d1ee2d53d9b6","C:\Users\sampo\git\GitComet\target\linker-bench\20260913-main\runs\dev-preparation-lld-20260913T201251871-dbdab6c2\links\1789330374376983300-13304\metrics.json"
"dev-preparation-lld-20260913T201251871-dbdab6c2","1789330374466142200-8704","dev-preparation-lld-20260913T201251871-dbdab6c2",,,"dev","preparation","linker","lld",,"132e72528e74f93c355aeac362662d00fd33373af4b5eb02f52883463ae1ff72","warm-filesystem","fresh","none","50",,"False",,,"False","False","0","True","0,1932573","0,2308735","0,03125","0,078125","0,125","0,5414220341442392","13320192","26333184","9384","38","2","43150","0","10","0",,,"7,375",,"1789330374469","b0c4c691d81dbfda6acbc9803da3426ae857cbf0fd203a73c29ada2497e6ccce","C:\Users\sampo\git\GitComet\target\linker-bench\20260913-main\runs\dev-preparation-lld-20260913T201251871-dbdab6c2\links\1789330374466142200-8704\metrics.json"
"dev-preparation-lld-20260913T201251871-dbdab6c2","1789330374550694400-17224","dev-preparation-lld-20260913T201251871-dbdab6c2",,,"dev","preparation","linker","lld",,"132e72528e74f93c355aeac362662d00fd33373af4b5eb02f52883463ae1ff72","warm-filesystem","fresh","none","50",,"False",,,"False","False","0","True","0,184405","0,274736","0,078125","0,125","0,21875","0,7962189156135345","13385728","28540928","9454","1","2","43142","0","10","0",,,"8,78125",,"1789330374553","2c23ba3c10411a0f37fc7417cff7e7748c5912a3ea7dc66b0cf28d39dcb4ccc9","C:\Users\sampo\git\GitComet\target\linker-bench\20260913-main\runs\dev-preparation-lld-20260913T201251871-dbdab6c2\links\1789330374550694400-17224\metrics.json"
"dev-preparation-lld-20260913T201251871-dbdab6c2","1789330374600625000-17296","dev-preparation-lld-20260913T201251871-dbdab6c2",,,"dev","preparation","linker","lld",,"132e72528e74f93c355aeac362662d00fd33373af4b5eb02f52883463ae1ff72","warm-filesystem","fresh","none","50",,"False",,,"False","False","0","True","0,1534645","0,1535898","0,046875","0,046875","0,109375","0,7121241124085063","13066240","8884224","9500","1","2","43142","0","10","0",,,"5,359375",,"1789330374603","22da6eb36dca24b11dcb4df78765a8b45d1fd9b08552265829de9995041ac820","C:\Users\sampo\git\GitComet\target\linker-bench\20260913-main\runs\dev-preparation-lld-20260913T201251871-dbdab6c2\links\1789330374600625000-17296\metrics.json"
"dev-preparation-lld-20260913T201251871-dbdab6c2","1789330374689942700-5132","dev-preparation-lld-20260913T201251871-dbdab6c2",,,"dev","preparation","linker","lld",,"132e72528e74f93c355aeac362662d00fd33373af4b5eb02f52883463ae1ff72","warm-filesystem","fresh","none","50",,"False",,,"False","False","0","True","0,1976213","0,1984293","0,0625","0,03125","0,125","0,6299472910502633","14229504","8884224","10056","1","2","43134","0","10","0",,,"6,546875",,"1789330374692","788fdf682d405855c43e11d04a64d2fce354ab621204fbaa0459f918b7af9004","C:\Users\sampo\git\GitComet\target\linker-bench\20260913-main\runs\dev-preparation-lld-20260913T201251871-dbdab6c2\links\1789330374689942700-5132\metrics.json"
"dev-preparation-lld-20260913T201251871-dbdab6c2","1789330374742606100-15488","dev-preparation-lld-20260913T201251871-dbdab6c2",,,"dev","preparation","linker","lld",,"132e72528e74f93c355aeac362662d00fd33373af4b5eb02f52883463ae1ff72","warm-filesystem","fresh","none","50",,"False",,,"False","False","0","True","0,1907361","0,2486747","0,1875","0,125","0,328125","1,319494906397796","14864384","29532160","10466","40","2","43126","0","10","0",,,"7,890625",,"1789330374746","7914f0c10180eb35e0bda908b950d076bb745e6c6454cbe554f5f1934b96fd41","C:\Users\sampo\git\GitComet\target\linker-bench\20260913-main\runs\dev-preparation-lld-20260913T201251871-dbdab6c2\links\1789330374742606100-15488\metrics.json"
"dev-preparation-lld-20260913T201251871-dbdab6c2","1789330374771732400-3252","dev-preparation-lld-20260913T201251871-dbdab6c2",,,"dev","preparation","linker","lld",,"132e72528e74f93c355aeac362662d00fd33373af4b5eb02f52883463ae1ff72","warm-filesystem","fresh","none","50",,"False",,,"False","False","0","True","0,1857836","0,2724717","0,15625","0,09375","0,25","0,9175264807317605","13881344","30662656","9803","38","2","43122","0","10","0",,,"8,75",,"1789330374774","abe8292323de69e367618e157686941d1756a8498d5194d6f2eb3a7ab65781fd","C:\Users\sampo\git\GitComet\target\linker-bench\20260913-main\runs\dev-preparation-lld-20260913T201251871-dbdab6c2\links\1789330374771732400-3252\metrics.json"
"dev-preparation-lld-20260913T201251871-dbdab6c2","1789330374826371700-23060","dev-preparation-lld-20260913T201251871-dbdab6c2",,,"dev","preparation","linker","lld",,"132e72528e74f93c355aeac362662d00fd33373af4b5eb02f52883463ae1ff72","warm-filesystem","fresh","none","50",,"False",,,"False","False","0","True","0,2452297","0,2459372","0,140625","0,140625","0,265625","1,0800521433927035","15818752","8884224","11282","1","2","43134","0","10","0",,,"7,734375",,"1789330374829","392938edafcead5bd32fb0092f4b4004dd122dd067ea9c47190bebb52cf486a4","C:\Users\sampo\git\GitComet\target\linker-bench\20260913-main\runs\dev-preparation-lld-20260913T201251871-dbdab6c2\links\1789330374826371700-23060\metrics.json"
"dev-preparation-lld-20260913T201251871-dbdab6c2","1789330374905367700-24644","dev-preparation-lld-20260913T201251871-dbdab6c2",,,"dev","preparation","linker","lld",,"132e72528e74f93c355aeac362662d00fd33373af4b5eb02f52883463ae1ff72","warm-filesystem","fresh","none","50",,"False",,,"False","False","0","True","0,1471788","0,1490994","0,015625","0,109375","0,140625","0,9431627491458718","12886016","8884224","9378","1","2","43134","0","10","0",,,"4,859375",,"1789330374908","734c5bdef4e20d1ebf3a3a994d28fddbba6334d7845fbb8657a2d829a95d8ef4","C:\Users\sampo\git\GitComet\target\linker-bench\20260913-main\runs\dev-preparation-lld-20260913T201251871-dbdab6c2\links\1789330374905367700-24644\metrics.json"
"dev-preparation-lld-20260913T201251871-dbdab6c2","1789330375204975500-29900","dev-preparation-lld-20260913T201251871-dbdab6c2",,,"dev","preparation","linker","lld",,"132e72528e74f93c355aeac362662d00fd33373af4b5eb02f52883463ae1ff72","warm-filesystem","fresh","none","50",,"False",,,"False","False","0","True","0,1737576","0,2987492","0,078125","0,0625","0,171875","0,5753153481247816","14802944","31612928","10149","1","2","43126","0","10","0",,,"9,421875",,"1789330375223","831491a6137a9f10897e364b5c4fdb71a65e73db29e0559d5a6d4149bf016404","C:\Users\sampo\git\GitComet\target\linker-bench\20260913-main\runs\dev-preparation-lld-20260913T201251871-dbdab6c2\links\1789330375204975500-29900\metrics.json"
"dev-preparation-lld-20260913T201251871-dbdab6c2","1789330375273880000-28144","dev-preparation-lld-20260913T201251871-dbdab6c2",,,"dev","preparation","linker","lld",,"132e72528e74f93c355aeac362662d00fd33373af4b5eb02f52883463ae1ff72","warm-filesystem","fresh","none","50",,"False",,,"False","False","0","True","0,2061804","0,2461422","0,09375","0,046875","0,171875","0,6982752246465661","14651392","27893760","10266","38","2","43142","0","10","0",,,"7,484375",,"1789330375277","3f49a0a63196add287668c7992f739e920cd7dd5b281f2d712114ae63f226efb","C:\Users\sampo\git\GitComet\target\linker-bench\20260913-main\runs\dev-preparation-lld-20260913T201251871-dbdab6c2\links\1789330375273880000-28144\metrics.json"
"dev-preparation-lld-20260913T201251871-dbdab6c2","1789330375328752800-13216","dev-preparation-lld-20260913T201251871-dbdab6c2",,,"dev","preparation","linker","lld",,"132e72528e74f93c355aeac362662d00fd33373af4b5eb02f52883463ae1ff72","warm-filesystem","fresh","none","50",,"False",,,"False","False","0","True","0,1831961","0,250113","0,09375","0,15625","0,265625","1,0620199669749275","14237696","28823552","10177","5","2","43126","0","10","0",,,"7,734375",,"1789330375332","c775ca6e267abb4ad977070d596a1aaf107ceb7a342f05e6a70d1a2b857b008e","C:\Users\sampo\git\GitComet\target\linker-bench\20260913-main\runs\dev-preparation-lld-20260913T201251871-dbdab6c2\links\1789330375328752800-13216\metrics.json"
"dev-preparation-lld-20260913T201251871-dbdab6c2","1789330375935207000-29788","dev-preparation-lld-20260913T201251871-dbdab6c2",,,"dev","preparation","linker","lld",,"132e72528e74f93c355aeac362662d00fd33373af4b5eb02f52883463ae1ff72","warm-filesystem","fresh","none","50",,"False",,,"False","False","0","True","0,1635543","0,2165742","0,125","0,171875","0,328125","1,5150696620373065","14024704","29605888","9885","2","2","43126","0","10","0",,,"6,671875",,"1789330375937","568a6b5e20cd913ceb47afeef1a37ce16c5a109ebec671916625b76ea8a233f6","C:\Users\sampo\git\GitComet\target\linker-bench\20260913-main\runs\dev-preparation-lld-20260913T201251871-dbdab6c2\links\1789330375935207000-29788\metrics.json"
"dev-preparation-lld-20260913T201251871-dbdab6c2","1789330376236134700-24524","dev-preparation-lld-20260913T201251871-dbdab6c2",,,"dev","preparation","linker","lld",,"132e72528e74f93c355aeac362662d00fd33373af4b5eb02f52883463ae1ff72","warm-filesystem","fresh","none","50",,"False",,,"False","False","0","True","0,2008614","0,2537637","0,109375","0,03125","0,140625","0,5541572730851576","15106048","29417472","10544","38","2","43126","0","10","0",,,"8,015625",,"1789330376240","809ec92034d438ab41f629521e37dcae068f7d1527684c35889e40b792dc0ac0","C:\Users\sampo\git\GitComet\target\linker-bench\20260913-main\runs\dev-preparation-lld-20260913T201251871-dbdab6c2\links\1789330376236134700-24524\metrics.json"
"dev-preparation-lld-20260913T201251871-dbdab6c2","1789330376333474100-24572","dev-preparation-lld-20260913T201251871-dbdab6c2",,,"dev","preparation","linker","lld",,"132e72528e74f93c355aeac362662d00fd33373af4b5eb02f52883463ae1ff72","warm-filesystem","fresh","none","50",,"False",,,"False","False","0","True","0,1791212","0,2695485","0","0,09375","0,109375","0,40577113209682114","13176832","27803648","9398","1","2","43150","0","10","0",,,"8,734375",,"1789330376340","3bd387944c5665444d66828266a4ccf75e17db733c6173d16d5fc51289926ad0","C:\Users\sampo\git\GitComet\target\linker-bench\20260913-main\runs\dev-preparation-lld-20260913T201251871-dbdab6c2\links\1789330376333474100-24572\metrics.json"
"dev-preparation-lld-20260913T201251871-dbdab6c2","1789330376368698100-3288","dev-preparation-lld-20260913T201251871-dbdab6c2",,,"dev","preparation","linker","lld",,"132e72528e74f93c355aeac362662d00fd33373af4b5eb02f52883463ae1ff72","warm-filesystem","fresh","none","50",,"False",,,"False","False","0","True","0,1771704","0,2430969","0,03125","0,140625","0,1875","0,7712973715419653","12804096","27750400","9155","1","2","43134","0","10","0",,,"7,84375",,"1789330376379","ec4b1fe8d0ae60b2710f073343a325f1f086cf5393475ac03f5f49af339f3ec0","C:\Users\sampo\git\GitComet\target\linker-bench\20260913-main\runs\dev-preparation-lld-20260913T201251871-dbdab6c2\links\1789330376368698100-3288\metrics.json"
"dev-preparation-lld-20260913T201251871-dbdab6c2","1789330376420020100-24544","dev-preparation-lld-20260913T201251871-dbdab6c2",,,"dev","preparation","linker","lld",,"132e72528e74f93c355aeac362662d00fd33373af4b5eb02f52883463ae1ff72","warm-filesystem","fresh","none","50",,"False",,,"False","False","0","True","0,1783756","0,2595058","0,0625","0,09375","0,15625","0,6021060030257512","12529664","27611136","9129","1","2","43150","0","10","0",,,"8,34375",,"1789330376427","2049881388e646a5ad1f48563a9155a43a83d61c8f44171b61b3a1c26c931452","C:\Users\sampo\git\GitComet\target\linker-bench\20260913-main\runs\dev-preparation-lld-20260913T201251871-dbdab6c2\links\1789330376420020100-24544\metrics.json"
"dev-preparation-lld-20260913T201251871-dbdab6c2","1789330377003026000-29980","dev-preparation-lld-20260913T201251871-dbdab6c2",,,"dev","preparation","linker","lld",,"132e72528e74f93c355aeac362662d00fd33373af4b5eb02f52883463ae1ff72","warm-filesystem","fresh","none","50",,"False",,,"False","False","0","True","0,2242029","0,2623807","0,046875","0,046875","0,109375","0,4168561178470825","15028224","27795456","10544","39","2","43130","0","10","0",,,"8,484375",,"1789330377022","26ef0d0a2b7286b885720993727a519980dc8385890b42d751ceed9d3756adf3","C:\Users\sampo\git\GitComet\target\linker-bench\20260913-main\runs\dev-preparation-lld-20260913T201251871-dbdab6c2\links\1789330377003026000-29980\metrics.json"
"dev-preparation-lld-20260913T201251871-dbdab6c2","1789330377072798100-31132","dev-preparation-lld-20260913T201251871-dbdab6c2",,,"dev","preparation","linker","lld",,"132e72528e74f93c355aeac362662d00fd33373af4b5eb02f52883463ae1ff72","warm-filesystem","fresh","none","50",,"False",,,"False","False","0","True","0,2188275","0,2815556","0,171875","0,109375","0,28125","0,9989146015920123","16842752","34648064","11313","37","2","47957","1964","12","1",,,"9,359375",,"1789330377106","4a9e64ea0d0077c55f5c461784c667e8e70a8070138e9de617b13135dce58a6c","C:\Users\sampo\git\GitComet\target\linker-bench\20260913-main\runs\dev-preparation-lld-20260913T201251871-dbdab6c2\links\1789330377072798100-31132\metrics.json"
"dev-preparation-lld-20260913T201251871-dbdab6c2","1789330377102524700-19600","dev-preparation-lld-20260913T201251871-dbdab6c2",,,"dev","preparation","linker","lld",,"132e72528e74f93c355aeac362662d00fd33373af4b5eb02f52883463ae1ff72","warm-filesystem","fresh","none","50",,"False",,,"False","False","0","True","0,167934","0,2741362","0,015625","0,140625","0,171875","0,6269693677814167","13078528","27906048","9220","1","2","43142","0","10","0",,,"8,578125",,"1789330377107","295ce39bb58daadc50ae238249a5d61547d6979564d2d192891658a3cbded7fb","C:\Users\sampo\git\GitComet\target\linker-bench\20260913-main\runs\dev-preparation-lld-20260913T201251871-dbdab6c2\links\1789330377102524700-19600\metrics.json"
"dev-preparation-lld-20260913T201251871-dbdab6c2","1789330377457634100-4216","dev-preparation-lld-20260913T201251871-dbdab6c2",,,"dev","preparation","linker","lld",,"132e72528e74f93c355aeac362662d00fd33373af4b5eb02f52883463ae1ff72","warm-filesystem","fresh","none","50",,"False",,,"False","False","0","True","0,1937687","0,2484136","0,078125","0,0625","0,140625","0,5660921946302456","15892480","33206272","11083","38","2","61148","1880","13","1",,,"7,859375",,"1789330377460","c37cd0067e5165c9b1b666556cb395e6215763a16b26c3dd23fe603c8a7d813f","C:\Users\sampo\git\GitComet\target\linker-bench\20260913-main\runs\dev-preparation-lld-20260913T201251871-dbdab6c2\links\1789330377457634100-4216\metrics.json"
"dev-preparation-lld-20260913T201251871-dbdab6c2","1789330377541314800-28404","dev-preparation-lld-20260913T201251871-dbdab6c2",,,"dev","preparation","linker","lld",,"132e72528e74f93c355aeac362662d00fd33373af4b5eb02f52883463ae1ff72","warm-filesystem","fresh","none","50",,"False",,,"False","False","0","True","0,1791382","0,2386695","0,046875","0,09375","0,140625","0,5892038991157228","14831616","29257728","10299","39","2","43126","0","10","0",,,"7,359375",,"1789330377544","65a7315fe478ee336d27afca9c05c365da5c81bea8294e9d416cf36bfd9a7cc9","C:\Users\sampo\git\GitComet\target\linker-bench\20260913-main\runs\dev-preparation-lld-20260913T201251871-dbdab6c2\links\1789330377541314800-28404\metrics.json"
"dev-preparation-lld-20260913T201251871-dbdab6c2","1789330377590874400-2608","dev-preparation-lld-20260913T201251871-dbdab6c2",,,"dev","preparation","linker","lld",,"132e72528e74f93c355aeac362662d00fd33373af4b5eb02f52883463ae1ff72","warm-filesystem","fresh","none","50",,"False",,,"False","False","0","True","0,1762368","0,1790799","0,046875","0,0625","0,109375","0,6107608949971494","12840960","8785920","9261","1","2","43134","0","10","0",,,"5,609375",,"1789330377593","723e2085c3833e3e07350f2ed6e757dfc8a21c089d769301f8de2c940f101502","C:\Users\sampo\git\GitComet\target\linker-bench\20260913-main\runs\dev-preparation-lld-20260913T201251871-dbdab6c2\links\1789330377590874400-2608\metrics.json"
"dev-preparation-lld-20260913T201251871-dbdab6c2","1789330377594826300-22876","dev-preparation-lld-20260913T201251871-dbdab6c2",,,"dev","preparation","linker","lld",,"132e72528e74f93c355aeac362662d00fd33373af4b5eb02f52883463ae1ff72","warm-filesystem","fresh","none","50",,"False",,,"False","False","0","True","0,1966615","0,2456525","0,015625","0,28125","0,3125","1,2721222051475154","15151104","30236672","10517","39","2","43126","0","10","0",,,"7,6875",,"1789330377597","6241267deca1d2dc622fc0820eb51992dcdcf0f09c1556da296c2328ec85e454","C:\Users\sampo\git\GitComet\target\linker-bench\20260913-main\runs\dev-preparation-lld-20260913T201251871-dbdab6c2\links\1789330377594826300-22876\metrics.json"
"dev-preparation-lld-20260913T201251871-dbdab6c2","1789330377924902200-3496","dev-preparation-lld-20260913T201251871-dbdab6c2",,,"dev","preparation","linker","lld",,"132e72528e74f93c355aeac362662d00fd33373af4b5eb02f52883463ae1ff72","warm-filesystem","fresh","none","50",,"False",,,"False","False","0","True","0,2139174","0,2345673","0,296875","0,296875","0,609375","2,5978685008524205","15503360","30871552","10744","39","2","43122","0","10","0",,,"7,59375",,"1789330377954","83fd4470ccf2c00041893cc6d5472e7816391cd10b7146be863ed043fa1950d3","C:\Users\sampo\git\GitComet\target\linker-bench\20260913-main\runs\dev-preparation-lld-20260913T201251871-dbdab6c2\links\1789330377924902200-3496\metrics.json"
"dev-preparation-lld-20260913T201251871-dbdab6c2","1789330378272829600-12080","dev-preparation-lld-20260913T201251871-dbdab6c2",,,"dev","preparation","linker","lld",,"132e72528e74f93c355aeac362662d00fd33373af4b5eb02f52883463ae1ff72","warm-filesystem","fresh","none","50",,"False",,,"False","False","0","True","0,2105141","0,2322206","0,046875","0,109375","0,171875","0,7401367492806409","14032896","23105536","10004","38","2","43130","0","10","0",,,"7,328125",,"1789330378279","39bb78a5fe3d3ba050619d08e01b3a9c3704c39e0e438edf58050a5d72252d1a","C:\Users\sampo\git\GitComet\target\linker-bench\20260913-main\runs\dev-preparation-lld-20260913T201251871-dbdab6c2\links\1789330378272829600-12080\metrics.json"
"dev-preparation-lld-20260913T201251871-dbdab6c2","1789330378340281300-10432","dev-preparation-lld-20260913T201251871-dbdab6c2",,,"dev","preparation","linker","lld",,"132e72528e74f93c355aeac362662d00fd33373af4b5eb02f52883463ae1ff72","warm-filesystem","fresh","none","50",,"False",,,"False","False","0","True","0,1551668","0,1561181","0,046875","0,078125","0,140625","0,9007603858873506","13058048","7716864","9196","1","2","43134","0","10","0",,,"4,859375",,"1789330378343","a64464cc4fa941926401d375e61cc3cce2e3e4eac99abddc882b377b284787b1","C:\Users\sampo\git\GitComet\target\linker-bench\20260913-main\runs\dev-preparation-lld-20260913T201251871-dbdab6c2\links\1789330378340281300-10432\metrics.json"
"dev-preparation-lld-20260913T201251871-dbdab6c2","1789330378615844300-28140","dev-preparation-lld-20260913T201251871-dbdab6c2",,,"dev","preparation","linker","lld",,"132e72528e74f93c355aeac362662d00fd33373af4b5eb02f52883463ae1ff72","warm-filesystem","fresh","none","50",,"False",,,"False","False","0","True","0,2706807","0,2992275","0,203125","0,078125","0,296875","0,9921380889122825","27136000","34635776","19282","39","2","43134","0","10","0",,,"9,65625",,"1789330378636","a3f9b6af13c70d19d9a0e80c45cea046d7c46bfb96a7002cd6f45f2b25aa4854","C:\Users\sampo\git\GitComet\target\linker-bench\20260913-main\runs\dev-preparation-lld-20260913T201251871-dbdab6c2\links\1789330378615844300-28140\metrics.json"
"dev-preparation-lld-20260913T201251871-dbdab6c2","1789330378758120700-29404","dev-preparation-lld-20260913T201251871-dbdab6c2",,,"dev","preparation","linker","lld",,"132e72528e74f93c355aeac362662d00fd33373af4b5eb02f52883463ae1ff72","warm-filesystem","fresh","none","50",,"False",,,"False","False","0","True","0,1990116","0,2508452","0,09375","0,078125","0,1875","0,7474729434727075","16936960","34254848","12056","38","2","43122","0","10","0",,,"9,25",,"1789330378760","9a090a2ab59a283e8dced676daa04e6d53e5d7b5f7b4b58db08527d79a8658ae","C:\Users\sampo\git\GitComet\target\linker-bench\20260913-main\runs\dev-preparation-lld-20260913T201251871-dbdab6c2\links\1789330378758120700-29404\metrics.json"
"dev-preparation-lld-20260913T201251871-dbdab6c2","1789330379259601900-14056","dev-preparation-lld-20260913T201251871-dbdab6c2",,,"dev","preparation","linker","lld",,"132e72528e74f93c355aeac362662d00fd33373af4b5eb02f52883463ae1ff72","warm-filesystem","fresh","none","50",,"False",,,"False","False","0","True","0,3021979","0,3055007","0,21875","0,109375","0,34375","1,1252020044471256","28426240","36814848","20003","38","2","43126","0","10","0",,,"9,4375",,"1789330379262","3f98f7aa9deb5375f61a185f12d1a2061dfea8fdec2c4e05646138e71f536465","C:\Users\sampo\git\GitComet\target\linker-bench\20260913-main\runs\dev-preparation-lld-20260913T201251871-dbdab6c2\links\1789330379259601900-14056\metrics.json"
"dev-preparation-lld-20260913T201251871-dbdab6c2","1789330379407233200-2784","dev-preparation-lld-20260913T201251871-dbdab6c2",,,"dev","preparation","linker","lld",,"132e72528e74f93c355aeac362662d00fd33373af4b5eb02f52883463ae1ff72","warm-filesystem","fresh","none","50",,"False",,,"False","False","0","True","0,2261972","0,2727355","0,078125","0,109375","0,1875","0,6874792610422918","16011264","31539200","10986","40","2","62685","1890","13","1",,,"8,53125",,"1789330379410","246f1beb48636a16ed79476467e27244ef812abae9b2f8c4312bab588e402b51","C:\Users\sampo\git\GitComet\target\linker-bench\20260913-main\runs\dev-preparation-lld-20260913T201251871-dbdab6c2\links\1789330379407233200-2784\metrics.json"
"dev-preparation-lld-20260913T201251871-dbdab6c2","1789330379620740300-12100","dev-preparation-lld-20260913T201251871-dbdab6c2",,,"dev","preparation","linker","lld",,"132e72528e74f93c355aeac362662d00fd33373af4b5eb02f52883463ae1ff72","warm-filesystem","fresh","none","50",,"False",,,"False","False","0","True","0,2037791","0,2039874","0,046875","0,140625","0,203125","0,9957722878962131","15929344","1986560","11161","1","2","43126","0","10","0",,,"6,90625",,"1789330379638","61702da013e6bbab66ba2f7956a8c8c47a2acf222a25a0f13d765492e32f0a54","C:\Users\sampo\git\GitComet\target\linker-bench\20260913-main\runs\dev-preparation-lld-20260913T201251871-dbdab6c2\links\1789330379620740300-12100\metrics.json"
"dev-preparation-lld-20260913T201251871-dbdab6c2","1789330379697900300-28292","dev-preparation-lld-20260913T201251871-dbdab6c2",,,"dev","preparation","linker","lld",,"132e72528e74f93c355aeac362662d00fd33373af4b5eb02f52883463ae1ff72","warm-filesystem","fresh","none","50",,"False",,,"False","False","0","True","0,2098554","0,2560975","0,0625","0,171875","0,25","0,9761907086168354","17666048","35012608","11951","40","2","49420","1974","13","1",,,"8,328125",,"1789330379716","6ba5479dba93225425745559c8e2abecb98f2d1246fa885dd67ad8c5ca525ad7","C:\Users\sampo\git\GitComet\target\linker-bench\20260913-main\runs\dev-preparation-lld-20260913T201251871-dbdab6c2\links\1789330379697900300-28292\metrics.json"
"dev-preparation-lld-20260913T201251871-dbdab6c2","1789330380131036800-17668","dev-preparation-lld-20260913T201251871-dbdab6c2",,,"dev","preparation","linker","lld",,"132e72528e74f93c355aeac362662d00fd33373af4b5eb02f52883463ae1ff72","warm-filesystem","fresh","none","50",,"False",,,"False","False","0","True","0,2088864","0,2705177","0,09375","0,078125","0,1875","0,6931154597277738","13520896","25579520","9622","38","2","49857","2020","13","1",,,"8,84375",,"1789330380168","4069f4330f5d833ae8431b1497f04d2363b27e8e07ecb51fbcf984fc9a5f9636","C:\Users\sampo\git\GitComet\target\linker-bench\20260913-main\runs\dev-preparation-lld-20260913T201251871-dbdab6c2\links\1789330380131036800-17668\metrics.json"
"dev-preparation-lld-20260913T201251871-dbdab6c2","1789330380225721600-16956","dev-preparation-lld-20260913T201251871-dbdab6c2",,,"dev","preparation","linker","lld",,"132e72528e74f93c355aeac362662d00fd33373af4b5eb02f52883463ae1ff72","warm-filesystem","fresh","none","50",,"False",,,"False","False","0","True","0,2134519","0,25469","0,140625","0,125","0,28125","1,1042836389336055","14086144","24195072","9556","29","2","50444","2058","13","1",,,"8,625",,"1789330380228","ee723f5fa3c1a12ec2976625dc478f95a8d0469f610b918f6085bc3a7c28ba26","C:\Users\sampo\git\GitComet\target\linker-bench\20260913-main\runs\dev-preparation-lld-20260913T201251871-dbdab6c2\links\1789330380225721600-16956\metrics.json"
"dev-preparation-lld-20260913T201251871-dbdab6c2","1789330380609680500-13248","dev-preparation-lld-20260913T201251871-dbdab6c2",,,"dev","preparation","linker","lld",,"132e72528e74f93c355aeac362662d00fd33373af4b5eb02f52883463ae1ff72","warm-filesystem","fresh","none","50",,"False",,,"False","False","0","True","0,1895561","0,2604042","0","0,15625","0,15625","0,6000287245751029","14221312","28418048","9945","39","2","43134","0","10","0",,,"9,28125",,"1789330380632","989f2eb6d7769d710acb80693d4e1fd6a23e937a288615b4fbe54f6f5f987d45","C:\Users\sampo\git\GitComet\target\linker-bench\20260913-main\runs\dev-preparation-lld-20260913T201251871-dbdab6c2\links\1789330380609680500-13248\metrics.json"
"dev-preparation-lld-20260913T201251871-dbdab6c2","1789330380716704100-29300","dev-preparation-lld-20260913T201251871-dbdab6c2",,,"dev","preparation","linker","lld",,"132e72528e74f93c355aeac362662d00fd33373af4b5eb02f52883463ae1ff72","warm-filesystem","fresh","none","50",,"False",,,"False","False","0","True","0,1933724","0,2440845","0,046875","0,078125","0,140625","0,5761324459357312","13910016","28487680","9943","38","2","43126","0","10","0",,,"7,859375",,"1789330380721","329c72d135d59004b83217ea747b73ff4a087d65b6f09b4173e3460c5f46d463","C:\Users\sampo\git\GitComet\target\linker-bench\20260913-main\runs\dev-preparation-lld-20260913T201251871-dbdab6c2\links\1789330380716704100-29300\metrics.json"
"dev-preparation-lld-20260913T201251871-dbdab6c2","1789330383740195300-21796","dev-preparation-lld-20260913T201251871-dbdab6c2",,,"dev","preparation","linker","lld",,"132e72528e74f93c355aeac362662d00fd33373af4b5eb02f52883463ae1ff72","warm-filesystem","fresh","none","50",,"False",,,"False","False","0","True","0,4205475","0,4317401","0,265625","0,03125","0,3125","0,7238150915330774","27201536","34541568","19184","8","2","43150","0","10","0",,,"12,421875",,"1789330383743","9592d480104a080d7a2fc15e186f1944dc75c14d9c0e62d28c89c29207b4f085","C:\Users\sampo\git\GitComet\target\linker-bench\20260913-main\runs\dev-preparation-lld-20260913T201251871-dbdab6c2\links\1789330383740195300-21796\metrics.json"
"dev-preparation-lld-20260913T201251871-dbdab6c2","1789330384088353400-13244","dev-preparation-lld-20260913T201251871-dbdab6c2",,,"dev","preparation","linker","lld",,"132e72528e74f93c355aeac362662d00fd33373af4b5eb02f52883463ae1ff72","warm-filesystem","fresh","none","50",,"False",,,"False","False","0","True","0,4045647","0,4045974","0,390625","0,21875","0,640625","1,583364104663055","44326912","78360576","29894","39","2","54596","0","12","0",,,"12,875",,"1789330384094","83435a652942cbd7b981e458ad0c79eff7cad00ef286f5943d461578b024bd55","C:\Users\sampo\git\GitComet\target\linker-bench\20260913-main\runs\dev-preparation-lld-20260913T201251871-dbdab6c2\links\1789330384088353400-13244\metrics.json"
"dev-preparation-lld-20260913T201251871-dbdab6c2","1789330384597657600-17040","dev-preparation-lld-20260913T201251871-dbdab6c2",,,"dev","preparation","linker","lld",,"132e72528e74f93c355aeac362662d00fd33373af4b5eb02f52883463ae1ff72","warm-filesystem","fresh","none","50",,"False",,,"False","False","0","True","0,2426824","0,2983017","0,234375","0,265625","0,515625","1,7285352379822174","27435008","58351616","19358","39","2","43142","0","10","0",,,"9,40625",,"1789330384600","cd717ab2df3b08d45c695aad1f15bd8834ea6cc60b4ab37949dbe0dc92e552cb","C:\Users\sampo\git\GitComet\target\linker-bench\20260913-main\runs\dev-preparation-lld-20260913T201251871-dbdab6c2\links\1789330384597657600-17040\metrics.json"
"dev-preparation-lld-20260913T201251871-dbdab6c2","1789330384919887800-3344","dev-preparation-lld-20260913T201251871-dbdab6c2",,,"dev","preparation","linker","lld",,"132e72528e74f93c355aeac362662d00fd33373af4b5eb02f52883463ae1ff72","warm-filesystem","fresh","none","50",,"False",,,"False","False","0","True","0,2123662","0,2528774","0,03125","0,125","0,171875","0,6796771874434014","17387520","32055296","12113","38","2","47981","2076","12","1",,,"7,921875",,"1789330384923","0d1358461884a7c4fabd9d613b70b7a65606f913ac44d91ff9454282e737ad32","C:\Users\sampo\git\GitComet\target\linker-bench\20260913-main\runs\dev-preparation-lld-20260913T201251871-dbdab6c2\links\1789330384919887800-3344\metrics.json"
"dev-preparation-lld-20260913T201251871-dbdab6c2","1789330385537460200-30068","dev-preparation-lld-20260913T201251871-dbdab6c2",,,"dev","preparation","linker","lld",,"132e72528e74f93c355aeac362662d00fd33373af4b5eb02f52883463ae1ff72","warm-filesystem","fresh","none","50",,"False",,,"False","False","0","True","0,1490194","0,1473731","0,046875","0,09375","0,15625","1,0602341947071752","12529664","1986560","9116","1","2","55576","0","11","0",,,"5,265625",,"1789330385549","58d89067cf011dd556c2e3fd22ca8e16a1841269aea83c0445837a79f0d5212b","C:\Users\sampo\git\GitComet\target\linker-bench\20260913-main\runs\dev-preparation-lld-20260913T201251871-dbdab6c2\links\1789330385537460200-30068\metrics.json"
"dev-preparation-lld-20260913T201251871-dbdab6c2","1789330385622218100-2672","dev-preparation-lld-20260913T201251871-dbdab6c2",,,"dev","preparation","linker","lld",,"132e72528e74f93c355aeac362662d00fd33373af4b5eb02f52883463ae1ff72","warm-filesystem","fresh","none","50",,"False",,,"False","False","0","True","0,1772568","0,1777647","0,09375","0,03125","0,15625","0,8789709092975152","15032320","8171520","10468","1","2","43130","0","10","0",,,"5,34375",,"1789330385625","66b67598cc361ebbbff4d4470fe85933ef05e077f7614c9045503cf2166b9071","C:\Users\sampo\git\GitComet\target\linker-bench\20260913-main\runs\dev-preparation-lld-20260913T201251871-dbdab6c2\links\1789330385622218100-2672\metrics.json"
"dev-preparation-lld-20260913T201251871-dbdab6c2","1789330386033910300-3284","dev-preparation-lld-20260913T201251871-dbdab6c2",,,"dev","preparation","linker","lld",,"132e72528e74f93c355aeac362662d00fd33373af4b5eb02f52883463ae1ff72","warm-filesystem","fresh","none","50",,"False",,,"False","False","0","True","0,17921","0,269571","0,09375","0,03125","0,125","0,4636997303122368","14745600","32243712","10338","1","2","43126","0","10","0",,,"8,875",,"1789330386038","2cae01c2703bbccc0f97bb7cce1d7d9634dae37cde02fc06dd98ddf81f11cc72","C:\Users\sampo\git\GitComet\target\linker-bench\20260913-main\runs\dev-preparation-lld-20260913T201251871-dbdab6c2\links\1789330386033910300-3284\metrics.json"
"dev-preparation-lld-20260913T201251871-dbdab6c2","1789330386179120700-31628","dev-preparation-lld-20260913T201251871-dbdab6c2",,,"dev","preparation","linker","lld",,"132e72528e74f93c355aeac362662d00fd33373af4b5eb02f52883463ae1ff72","warm-filesystem","fresh","none","50",,"False",,,"False","False","0","True","0,1550167","0,2506532","0,03125","0,109375","0,15625","0,6233712555834117","12632064","27508736","9049","1","2","55528","0","11","0",,,"8,34375",,"1789330386182","09cf1ad40dcaaf4f8f5683058d866612955028264a4b057efaa8357815dd63cd","C:\Users\sampo\git\GitComet\target\linker-bench\20260913-main\runs\dev-preparation-lld-20260913T201251871-dbdab6c2\links\1789330386179120700-31628\metrics.json"
"dev-preparation-lld-20260913T201251871-dbdab6c2","1789330386240374800-24000","dev-preparation-lld-20260913T201251871-dbdab6c2",,,"dev","preparation","linker","lld",,"132e72528e74f93c355aeac362662d00fd33373af4b5eb02f52883463ae1ff72","warm-filesystem","fresh","none","50",,"False",,,"False","False","0","True","0,1498459","0,1490761","0,046875","0,0625","0,140625","0,9433101617227712","13053952","8806400","9353","1","2","43122","0","10","0",,,"5,125",,"1789330386243","13fc3088bb88001d0e62fb8ed335d1cf0cc8e05403f4da7970d64971906d5ea4","C:\Users\sampo\git\GitComet\target\linker-bench\20260913-main\runs\dev-preparation-lld-20260913T201251871-dbdab6c2\links\1789330386240374800-24000\metrics.json"
"dev-preparation-lld-20260913T201251871-dbdab6c2","1789330386523910000-12476","dev-preparation-lld-20260913T201251871-dbdab6c2",,,"dev","preparation","linker","lld",,"132e72528e74f93c355aeac362662d00fd33373af4b5eb02f52883463ae1ff72","warm-filesystem","fresh","none","50",,"False",,,"False","False","0","True","0,3877924","0,4915769","0,109375","0,21875","0,34375","0,6992802143469313","27488256","62984192","19459","38","2","55754","0","11","0",,,"15,9375",,"1789330386526","c32ee142728f53f3f3f62452ba5d7b17d2e1390996a8141b03d9d7c895355c7d","C:\Users\sampo\git\GitComet\target\linker-bench\20260913-main\runs\dev-preparation-lld-20260913T201251871-dbdab6c2\links\1789330386523910000-12476\metrics.json"
"dev-preparation-lld-20260913T201251871-dbdab6c2","1789330386525977500-30800","dev-preparation-lld-20260913T201251871-dbdab6c2",,,"dev","preparation","linker","lld",,"132e72528e74f93c355aeac362662d00fd33373af4b5eb02f52883463ae1ff72","warm-filesystem","fresh","none","50",,"False",,,"False","False","0","True","0,2409805","0,3130927","0,109375","0,125","0,265625","0,8483909078685002","14618624","31318016","9975","7","2","43134","0","10","0",,,"10,5",,"1789330386556","0218de46d2b5bd0a7dbd2725679367ea94d0a1e09bf390e0f104e3af6535ceaa","C:\Users\sampo\git\GitComet\target\linker-bench\20260913-main\runs\dev-preparation-lld-20260913T201251871-dbdab6c2\links\1789330386525977500-30800\metrics.json"
"dev-preparation-lld-20260913T201251871-dbdab6c2","1789330386563508000-19284","dev-preparation-lld-20260913T201251871-dbdab6c2",,,"dev","preparation","linker","lld",,"132e72528e74f93c355aeac362662d00fd33373af4b5eb02f52883463ae1ff72","warm-filesystem","fresh","none","50",,"False",,,"False","False","0","True","0,3740008","0,4494911","0,25","0,265625","0,53125","1,1818921442493522","28057600","58785792","19324","39","2","43158","0","10","0",,,"14,484375",,"1789330386568","a23707b9b44c0731961d9b346a6d967d04d4081f210796f815fd5406480e020a","C:\Users\sampo\git\GitComet\target\linker-bench\20260913-main\runs\dev-preparation-lld-20260913T201251871-dbdab6c2\links\1789330386563508000-19284\metrics.json"
"dev-preparation-lld-20260913T201251871-dbdab6c2","1789330386590303600-9748","dev-preparation-lld-20260913T201251871-dbdab6c2",,,"dev","preparation","linker","lld",,"132e72528e74f93c355aeac362662d00fd33373af4b5eb02f52883463ae1ff72","warm-filesystem","fresh","none","50",,"False",,,"False","False","0","True","0,3202118","0,4256934","0,09375","0,109375","0,203125","0,47716267153777814","26820608","67518464","19265","38","2","43158","0","10","0",,,"14,015625",,"1789330386592","3aac493c5209245270a19a79b955d751a345d1455e6e423a6e6d686a78e6d0e8","C:\Users\sampo\git\GitComet\target\linker-bench\20260913-main\runs\dev-preparation-lld-20260913T201251871-dbdab6c2\links\1789330386590303600-9748\metrics.json"
"dev-preparation-lld-20260913T201251871-dbdab6c2","1789330386696887500-15772","dev-preparation-lld-20260913T201251871-dbdab6c2",,,"dev","preparation","linker","lld",,"132e72528e74f93c355aeac362662d00fd33373af4b5eb02f52883463ae1ff72","warm-filesystem","fresh","none","50",,"False",,,"False","False","0","True","0,338973","0,3560933","0,203125","0,171875","0,40625","1,1408526922578999","26963968","51638272","19487","39","2","43158","0","10","0",,,"10,765625",,"1789330386699","7e28205e7dfab4eaf44a249a82a78d2e0290ee555cd3fcf756b27620bb9cfacd","C:\Users\sampo\git\GitComet\target\linker-bench\20260913-main\runs\dev-preparation-lld-20260913T201251871-dbdab6c2\links\1789330386696887500-15772\metrics.json"
"dev-preparation-lld-20260913T201251871-dbdab6c2","1789330386728308500-21896","dev-preparation-lld-20260913T201251871-dbdab6c2",,,"dev","preparation","linker","lld",,"132e72528e74f93c355aeac362662d00fd33373af4b5eb02f52883463ae1ff72","warm-filesystem","fresh","none","50",,"False",,,"False","False","0","True","0,3274242","0,3504183","0,125","0,109375","0,25","0,7134330598601728","27164672","36556800","19273","41","2","43166","0","10","0",,,"10,671875",,"1789330386732","7482efa2054900856e6f89e6295d6fd95fe2716363f3887188f9d2605aa30969","C:\Users\sampo\git\GitComet\target\linker-bench\20260913-main\runs\dev-preparation-lld-20260913T201251871-dbdab6c2\links\1789330386728308500-21896\metrics.json"
"dev-preparation-lld-20260913T201251871-dbdab6c2","1789330386840358300-10844","dev-preparation-lld-20260913T201251871-dbdab6c2",,,"dev","preparation","linker","lld",,"132e72528e74f93c355aeac362662d00fd33373af4b5eb02f52883463ae1ff72","warm-filesystem","fresh","none","50",,"False",,,"False","False","0","True","0,3231111","0,3231416","0,234375","0,40625","0,65625","2,030843444483781","27897856","53227520","19580","39","2","55751","0","11","0",,,"9,125",,"1789330386843","4c419857f4252ffabf9347aa8099e562d322179ff73e92a1a363046e2645b21e","C:\Users\sampo\git\GitComet\target\linker-bench\20260913-main\runs\dev-preparation-lld-20260913T201251871-dbdab6c2\links\1789330386840358300-10844\metrics.json"
"dev-preparation-lld-20260913T201251871-dbdab6c2","1789330386961134500-5980","dev-preparation-lld-20260913T201251871-dbdab6c2",,,"dev","preparation","linker","lld",,"132e72528e74f93c355aeac362662d00fd33373af4b5eb02f52883463ae1ff72","warm-filesystem","fresh","none","50",,"False",,,"False","False","0","True","0,3097976","0,4070873","0,109375","0,0625","0,1875","0,4605891660093548","28016640","69251072","19637","6","2","55754","0","11","0",,,"12,671875",,"1789330386964","d3efd9b21aca5e465f192ba8e07e02d476e4d1949cddbd9d3fa35a07b0899dd0","C:\Users\sampo\git\GitComet\target\linker-bench\20260913-main\runs\dev-preparation-lld-20260913T201251871-dbdab6c2\links\1789330386961134500-5980\metrics.json"
"dev-preparation-lld-20260913T201251871-dbdab6c2","1789330386962125400-10016","dev-preparation-lld-20260913T201251871-dbdab6c2",,,"dev","preparation","linker","lld",,"132e72528e74f93c355aeac362662d00fd33373af4b5eb02f52883463ae1ff72","warm-filesystem","fresh","none","50",,"False",,,"False","False","0","True","0,3321206","0,4918507","0,25","0,046875","0,3125","0,6353554035808021","27152384","62468096","19378","39","2","55754","0","11","0",,,"14,828125",,"1789330386965","a0f178ad8778650d90f11ddf30b1a6297eb653083f3b3a9d81d2063288b6be58","C:\Users\sampo\git\GitComet\target\linker-bench\20260913-main\runs\dev-preparation-lld-20260913T201251871-dbdab6c2\links\1789330386962125400-10016\metrics.json"
"dev-preparation-lld-20260913T201251871-dbdab6c2","1789330387025392100-30980","dev-preparation-lld-20260913T201251871-dbdab6c2",,,"dev","preparation","linker","lld",,"132e72528e74f93c355aeac362662d00fd33373af4b5eb02f52883463ae1ff72","warm-filesystem","fresh","none","50",,"False",,,"False","False","0","True","0,2653689","0,2754958","0,109375","0,09375","0,21875","0,7940229941799475","27959296","32600064","19504","6","2","55754","0","11","0",,,"8,8125",,"1789330387028","4d7eb5f64b56b6eaa5b77c386533170eb0ea478fdac4fea9b2e95a543fd879a3","C:\Users\sampo\git\GitComet\target\linker-bench\20260913-main\runs\dev-preparation-lld-20260913T201251871-dbdab6c2\links\1789330387025392100-30980\metrics.json"
"dev-preparation-lld-20260913T201251871-dbdab6c2","1789330387100314300-7148","dev-preparation-lld-20260913T201251871-dbdab6c2",,,"dev","preparation","linker","lld",,"132e72528e74f93c355aeac362662d00fd33373af4b5eb02f52883463ae1ff72","warm-filesystem","fresh","none","50",,"False",,,"False","False","0","True","0,2830814","0,283121","0,140625","0,140625","0,296875","1,0485799357871721","28340224","36536320","19645","39","2","55754","0","11","0",,,"8,34375",,"1789330387111","ce78333e5e184cbccf2de72c54d8ec0cc3b982f169f36fa34181b56f437ed6e5","C:\Users\sampo\git\GitComet\target\linker-bench\20260913-main\runs\dev-preparation-lld-20260913T201251871-dbdab6c2\links\1789330387100314300-7148\metrics.json"
"dev-preparation-lld-20260913T201251871-dbdab6c2","1789330387270377200-15068","dev-preparation-lld-20260913T201251871-dbdab6c2",,,"dev","preparation","linker","lld",,"132e72528e74f93c355aeac362662d00fd33373af4b5eb02f52883463ae1ff72","warm-filesystem","fresh","none","50",,"False",,,"False","False","0","True","0,3305935","0,5827813","0,125","0,0625","0,1875","0,32173304119401225","28438528","64008192","19542","1","2","43142","0","10","0",,,"19,484375",,"1789330387272","15ebc45c4a2765f87827aa46b2c710e77437cfbd4d122a57999869bf3ff92907","C:\Users\sampo\git\GitComet\target\linker-bench\20260913-main\runs\dev-preparation-lld-20260913T201251871-dbdab6c2\links\1789330387270377200-15068\metrics.json"
"dev-preparation-lld-20260913T201251871-dbdab6c2","1789330387278940800-30616","dev-preparation-lld-20260913T201251871-dbdab6c2",,,"dev","preparation","linker","lld",,"132e72528e74f93c355aeac362662d00fd33373af4b5eb02f52883463ae1ff72","warm-filesystem","fresh","none","50",,"False",,,"False","False","0","True","0,3225431","0,3282871","0,234375","0,203125","0,421875","1,2850794319971757","27144192","34377728","19446","38","2","55770","0","11","0",,,"10,515625",,"1789330387282","ff36c29d4bb296b2890e0df5439be10221b51913e6355dd1d28205bf104d7c4a","C:\Users\sampo\git\GitComet\target\linker-bench\20260913-main\runs\dev-preparation-lld-20260913T201251871-dbdab6c2\links\1789330387278940800-30616\metrics.json"
"dev-preparation-lld-20260913T201251871-dbdab6c2","1789330387294370200-10280","dev-preparation-lld-20260913T201251871-dbdab6c2",,,"dev","preparation","linker","lld",,"132e72528e74f93c355aeac362662d00fd33373af4b5eb02f52883463ae1ff72","warm-filesystem","fresh","none","50",,"False",,,"False","False","0","True","0,3774813","0,5211811","0,15625","0,171875","0,328125","0,6295796221313474","27389952","36646912","19380","34","2","55759","0","11","0",,,"17,5625",,"1789330387328","9e84bba69807a76880e23ba9a8fcf8100da5bd16084f2645978a5ffe42b960dd","C:\Users\sampo\git\GitComet\target\linker-bench\20260913-main\runs\dev-preparation-lld-20260913T201251871-dbdab6c2\links\1789330387294370200-10280\metrics.json"
"dev-preparation-lld-20260913T201251871-dbdab6c2","1789330387296873300-4252","dev-preparation-lld-20260913T201251871-dbdab6c2",,,"dev","preparation","linker","lld",,"132e72528e74f93c355aeac362662d00fd33373af4b5eb02f52883463ae1ff72","warm-filesystem","fresh","none","50",,"False",,,"False","False","0","True","0,3325975","0,3340611","0,140625","0,15625","0,328125","0,9822304961577388","27471872","35409920","19433","9","2","55770","0","11","0",,,"10,625",,"1789330387300","0fb229db7c68b3b76848b46e2cbc7399a76d4fb61adaf39c4461ab1ccbf3346e","C:\Users\sampo\git\GitComet\target\linker-bench\20260913-main\runs\dev-preparation-lld-20260913T201251871-dbdab6c2\links\1789330387296873300-4252\metrics.json"
"dev-preparation-lld-20260913T201251871-dbdab6c2","1789330387361480600-4604","dev-preparation-lld-20260913T201251871-dbdab6c2",,,"dev","preparation","linker","lld",,"132e72528e74f93c355aeac362662d00fd33373af4b5eb02f52883463ae1ff72","warm-filesystem","fresh","none","50",,"False",,,"False","False","0","True","0,3173381","0,4309179","0,203125","0,21875","0,453125","1,0515344106151079","27287552","67944448","19202","1","2","43178","0","10","0",,,"13,546875",,"1789330387364","c26fccdc2c1917352acd4a94eac23e8c65df7731c1e93ae5046f707a75eeffb8","C:\Users\sampo\git\GitComet\target\linker-bench\20260913-main\runs\dev-preparation-lld-20260913T201251871-dbdab6c2\links\1789330387361480600-4604\metrics.json"
"dev-preparation-lld-20260913T201251871-dbdab6c2","1789330387364124300-16844","dev-preparation-lld-20260913T201251871-dbdab6c2",,,"dev","preparation","linker","lld",,"132e72528e74f93c355aeac362662d00fd33373af4b5eb02f52883463ae1ff72","warm-filesystem","fresh","none","50",,"False",,,"False","False","0","True","0,3305208","0,5057314","0,34375","0,3125","0,671875","1,3285214246139352","27430912","37462016","19568","38","2","55754","0","11","0",,,"16,09375",,"1789330387367","0f4f1fdf4349195d02cd4b0c2beeeff13e787d31da2a00982b9c29e262b915ef","C:\Users\sampo\git\GitComet\target\linker-bench\20260913-main\runs\dev-preparation-lld-20260913T201251871-dbdab6c2\links\1789330387364124300-16844\metrics.json"
"dev-preparation-lld-20260913T201251871-dbdab6c2","1789330387369561300-16244","dev-preparation-lld-20260913T201251871-dbdab6c2",,,"dev","preparation","linker","lld",,"132e72528e74f93c355aeac362662d00fd33373af4b5eb02f52883463ae1ff72","warm-filesystem","fresh","none","50",,"False",,,"False","False","0","True","0,3383799","0,3543973","0,15625","0,109375","0,28125","0,7936008541825798","27537408","8888320","19562","1","2","55754","0","11","0",,,"13,484375",,"1789330387375","1f3c401e334edef9ce1afaa19168d25db7af423bbec8df337147c7d5293af3a4","C:\Users\sampo\git\GitComet\target\linker-bench\20260913-main\runs\dev-preparation-lld-20260913T201251871-dbdab6c2\links\1789330387369561300-16244\metrics.json"
"dev-preparation-lld-20260913T201251871-dbdab6c2","1789330387414326800-18052","dev-preparation-lld-20260913T201251871-dbdab6c2",,,"dev","preparation","linker","lld",,"132e72528e74f93c355aeac362662d00fd33373af4b5eb02f52883463ae1ff72","warm-filesystem","fresh","none","50",,"False",,,"False","False","0","True","0,4582489","0,4773452","0,15625","0,140625","0,3125","0,6546624958206346","27922432","36491264","19519","37","2","55786","0","11","0",,,"16,140625",,"1789330387417","43aae504fb89afc8779714de5434d3e32e78e46b0b87258dbc160521faec5fae","C:\Users\sampo\git\GitComet\target\linker-bench\20260913-main\runs\dev-preparation-lld-20260913T201251871-dbdab6c2\links\1789330387414326800-18052\metrics.json"
"dev-preparation-lld-20260913T201251871-dbdab6c2","1789330387416898100-16772","dev-preparation-lld-20260913T201251871-dbdab6c2",,,"dev","preparation","linker","lld",,"132e72528e74f93c355aeac362662d00fd33373af4b5eb02f52883463ae1ff72","warm-filesystem","fresh","none","50",,"False",,,"False","False","0","True","0,3108386","0,4713074","0,171875","0,125","0,328125","0,6962016721995029","27373568","68427776","19334","1","2","55802","0","11","0",,,"15,5625",,"1789330387421","46af8b168bcc6ca18ef9a0b68b8b5aadd8163a3bf37c0d885a478a927218eea9","C:\Users\sampo\git\GitComet\target\linker-bench\20260913-main\runs\dev-preparation-lld-20260913T201251871-dbdab6c2\links\1789330387416898100-16772\metrics.json"
"dev-preparation-lld-20260913T201251871-dbdab6c2","1789330387456487600-27176","dev-preparation-lld-20260913T201251871-dbdab6c2",,,"dev","preparation","linker","lld",,"132e72528e74f93c355aeac362662d00fd33373af4b5eb02f52883463ae1ff72","warm-filesystem","fresh","none","50",,"False",,,"False","False","0","True","0,3393653","0,4350069","0,1875","0,328125","0,53125","1,2212449963437362","27312128","57606144","19482","38","2","55754","0","11","0",,,"14,53125",,"1789330387459","73a84a50959a54b2e571da7ad79f7da741d695bc8c3b6c6c67a0b76926806b4a","C:\Users\sampo\git\GitComet\target\linker-bench\20260913-main\runs\dev-preparation-lld-20260913T201251871-dbdab6c2\links\1789330387456487600-27176\metrics.json"
"dev-preparation-lld-20260913T201251871-dbdab6c2","1789330387459480400-22964","dev-preparation-lld-20260913T201251871-dbdab6c2",,,"dev","preparation","linker","lld",,"132e72528e74f93c355aeac362662d00fd33373af4b5eb02f52883463ae1ff72","warm-filesystem","fresh","none","50",,"False",,,"False","False","0","True","0,412387","0,4197811","0,171875","0,28125","0,453125","1,079431637108007","27115520","16904192","19468","6","2","55754","0","11","0",,,"14,609375",,"1789330387495","6c06a97216361ea40178e11271fafc9d5f79ea2f6ece8137d2637fe213fb9004","C:\Users\sampo\git\GitComet\target\linker-bench\20260913-main\runs\dev-preparation-lld-20260913T201251871-dbdab6c2\links\1789330387459480400-22964\metrics.json"
"dev-preparation-lld-20260913T201251871-dbdab6c2","1789330387531716900-16988","dev-preparation-lld-20260913T201251871-dbdab6c2",,,"dev","preparation","linker","lld",,"132e72528e74f93c355aeac362662d00fd33373af4b5eb02f52883463ae1ff72","warm-filesystem","fresh","none","50",,"False",,,"False","False","0","True","0,3618035","0,3630615","0,078125","0,09375","0,171875","0,4734046435658973","27529216","37007360","19173","38","2","43162","0","10","0",,,"11,75",,"1789330387537","89669e0d15b1a1d1ecb5090c28dba548b082950533d2f402edd21bf3f35de89d","C:\Users\sampo\git\GitComet\target\linker-bench\20260913-main\runs\dev-preparation-lld-20260913T201251871-dbdab6c2\links\1789330387531716900-16988\metrics.json"
"dev-preparation-lld-20260913T201251871-dbdab6c2","1789330387598345300-17664","dev-preparation-lld-20260913T201251871-dbdab6c2",,,"dev","preparation","linker","lld",,"132e72528e74f93c355aeac362662d00fd33373af4b5eb02f52883463ae1ff72","warm-filesystem","fresh","none","50",,"False",,,"False","False","0","True","0,368326","0,4665297","0,09375","0,15625","0,28125","0,6028555095206157","26853376","67477504","19202","7","2","43134","0","10","0",,,"15,203125",,"1789330387607","84c91456642e6143846f977ec865c16c6b32df756c81278f42eddba79d943e79","C:\Users\sampo\git\GitComet\target\linker-bench\20260913-main\runs\dev-preparation-lld-20260913T201251871-dbdab6c2\links\1789330387598345300-17664\metrics.json"
"dev-preparation-lld-20260913T201251871-dbdab6c2","1789330387630467400-9852","dev-preparation-lld-20260913T201251871-dbdab6c2",,,"dev","preparation","linker","lld",,"132e72528e74f93c355aeac362662d00fd33373af4b5eb02f52883463ae1ff72","warm-filesystem","fresh","none","50",,"False",,,"False","False","0","True","0,371076","0,4502856","0,171875","0,0625","0,234375","0,5205029874373065","26951680","66961408","19226","38","2","55754","0","11","0",,,"14,265625",,"1789330387634","3d315a6a54188c4dfa33f732121de9eca3461c36eda8b19cc1983f2414355bc0","C:\Users\sampo\git\GitComet\target\linker-bench\20260913-main\runs\dev-preparation-lld-20260913T201251871-dbdab6c2\links\1789330387630467400-9852\metrics.json"
"dev-preparation-lld-20260913T201251871-dbdab6c2","1789330387671489000-2120","dev-preparation-lld-20260913T201251871-dbdab6c2",,,"dev","preparation","linker","lld",,"132e72528e74f93c355aeac362662d00fd33373af4b5eb02f52883463ae1ff72","warm-filesystem","fresh","none","50",,"False",,,"False","False","0","True","0,3853006","0,4604549","0,1875","0,0625","0,25","0,5429413390974882","27566080","68661248","19451","7","2","55758","0","11","0",,,"14,75",,"1789330387677","7104a7a46e1e85017d68af145e1ce00d6c34ab9d181f7f00a094be9780b3216a","C:\Users\sampo\git\GitComet\target\linker-bench\20260913-main\runs\dev-preparation-lld-20260913T201251871-dbdab6c2\links\1789330387671489000-2120\metrics.json"
"dev-preparation-lld-20260913T201251871-dbdab6c2","1789330387711734200-18148","dev-preparation-lld-20260913T201251871-dbdab6c2",,,"dev","preparation","linker","lld",,"132e72528e74f93c355aeac362662d00fd33373af4b5eb02f52883463ae1ff72","warm-filesystem","fresh","none","50",,"False",,,"False","False","0","True","0,3735221","0,3879743","0,1875","0,125","0,3125","0,8054657228584471","27910144","49143808","19323","39","2","43158","0","10","0",,,"11,8125",,"1789330387714","5a640ce611b8c452c568d42028de1afb3cb2f21f186ee681da5eaa312b015fe5","C:\Users\sampo\git\GitComet\target\linker-bench\20260913-main\runs\dev-preparation-lld-20260913T201251871-dbdab6c2\links\1789330387711734200-18148\metrics.json"
"dev-preparation-lld-20260913T201251871-dbdab6c2","1789330387730129500-12516","dev-preparation-lld-20260913T201251871-dbdab6c2",,,"dev","preparation","linker","lld",,"132e72528e74f93c355aeac362662d00fd33373af4b5eb02f52883463ae1ff72","warm-filesystem","fresh","none","50",,"False",,,"False","False","0","True","0,2486974","0,3371407","0,15625","0,078125","0,234375","0,6951845327484935","26877952","61378560","19071","38","2","43158","0","10","0",,,"10,6875",,"1789330387732","c7e95f6e101d7ca7400f71cbfb11837d680dba0de9c92ba535402a36cff12903","C:\Users\sampo\git\GitComet\target\linker-bench\20260913-main\runs\dev-preparation-lld-20260913T201251871-dbdab6c2\links\1789330387730129500-12516\metrics.json"
"dev-preparation-lld-20260913T201251871-dbdab6c2","1789330387786677300-19440","dev-preparation-lld-20260913T201251871-dbdab6c2",,,"dev","preparation","linker","lld",,"132e72528e74f93c355aeac362662d00fd33373af4b5eb02f52883463ae1ff72","warm-filesystem","fresh","none","50",,"False",,,"False","False","0","True","0,2871006","0,2865991","0,078125","0,125","0,203125","0,7087426303850919","27480064","8888320","19307","1","2","43174","0","10","0",,,"9,296875",,"1789330387789","4d99c3012d1b238291cfd401f6e17c289019bbc0e6391076d45e82d177c9ad4a","C:\Users\sampo\git\GitComet\target\linker-bench\20260913-main\runs\dev-preparation-lld-20260913T201251871-dbdab6c2\links\1789330387786677300-19440\metrics.json"
"dev-preparation-lld-20260913T201251871-dbdab6c2","1789330387841788700-24748","dev-preparation-lld-20260913T201251871-dbdab6c2",,,"dev","preparation","linker","lld",,"132e72528e74f93c355aeac362662d00fd33373af4b5eb02f52883463ae1ff72","warm-filesystem","fresh","none","50",,"False",,,"False","False","0","True","0,270386","0,3025594","0,203125","0,078125","0,28125","0,9295695324620554","27582464","56958976","19469","41","2","55754","0","11","0",,,"9,703125",,"1789330387845","aaf147958124dfc7d219dcd9124d4958fd47da9c35fc3d35f2e0c6aabf7ccbed","C:\Users\sampo\git\GitComet\target\linker-bench\20260913-main\runs\dev-preparation-lld-20260913T201251871-dbdab6c2\links\1789330387841788700-24748\metrics.json"
"dev-preparation-lld-20260913T201251871-dbdab6c2","1789330387892136000-10096","dev-preparation-lld-20260913T201251871-dbdab6c2",,,"dev","preparation","linker","lld",,"132e72528e74f93c355aeac362662d00fd33373af4b5eb02f52883463ae1ff72","warm-filesystem","fresh","none","50",,"False",,,"False","False","0","True","0,33032","0,4760423","0,171875","0,140625","0,328125","0,6892769823185881","27160576","58597376","19262","39","2","43142","0","10","0",,,"16,046875",,"1789330387894","b3d669c93de1d0d60be63e4ede80037df805b6dc1c56a2579cad797d181ce22e","C:\Users\sampo\git\GitComet\target\linker-bench\20260913-main\runs\dev-preparation-lld-20260913T201251871-dbdab6c2\links\1789330387892136000-10096\metrics.json"
"dev-preparation-lld-20260913T201251871-dbdab6c2","1789330387929668100-22492","dev-preparation-lld-20260913T201251871-dbdab6c2",,,"dev","preparation","linker","lld",,"132e72528e74f93c355aeac362662d00fd33373af4b5eb02f52883463ae1ff72","warm-filesystem","fresh","none","50",,"False",,,"False","False","0","True","0,2541375","0,4357082","0,140625","0,125","0,265625","0,6096396625080731","27918336","62681088","19286","40","2","43182","0","10","0",,,"13,578125",,"1789330387933","aa5622b11bf26398de91af5ad0dc5278cb92dbcfa11545a14b4893400934fc57","C:\Users\sampo\git\GitComet\target\linker-bench\20260913-main\runs\dev-preparation-lld-20260913T201251871-dbdab6c2\links\1789330387929668100-22492\metrics.json"
"dev-preparation-lld-20260913T201251871-dbdab6c2","1789330388043145600-24924","dev-preparation-lld-20260913T201251871-dbdab6c2",,,"dev","preparation","linker","lld",,"132e72528e74f93c355aeac362662d00fd33373af4b5eb02f52883463ae1ff72","warm-filesystem","fresh","none","50",,"False",,,"False","False","0","True","0,2509039","0,2829908","0,125","0,109375","0,25","0,8834209451331987","27721728","59154432","19385","38","2","55774","0","11","0",,,"8,75",,"1789330388045","2b8a5c61c14227c85aa1bf152bf85a31c22f7a43b9ad68da420c881ba11842b7","C:\Users\sampo\git\GitComet\target\linker-bench\20260913-main\runs\dev-preparation-lld-20260913T201251871-dbdab6c2\links\1789330388043145600-24924\metrics.json"
"dev-preparation-lld-20260913T201251871-dbdab6c2","1789330388082577100-22392","dev-preparation-lld-20260913T201251871-dbdab6c2",,,"dev","preparation","linker","lld",,"132e72528e74f93c355aeac362662d00fd33373af4b5eb02f52883463ae1ff72","warm-filesystem","fresh","none","50",,"False",,,"False","False","0","True","0,2662866","0,5782677","0,21875","0,203125","0,421875","0,7295496532142466","27140096","58257408","19331","37","2","43150","0","10","0",,,"18,546875",,"1789330388085","e0578c274b3bf2812fd85e0917104997804465afeda2e0e1501a4c86b68b4891","C:\Users\sampo\git\GitComet\target\linker-bench\20260913-main\runs\dev-preparation-lld-20260913T201251871-dbdab6c2\links\1789330388082577100-22392\metrics.json"
"dev-preparation-lld-20260913T201251871-dbdab6c2","1789330388132032700-12576","dev-preparation-lld-20260913T201251871-dbdab6c2",,,"dev","preparation","linker","lld",,"132e72528e74f93c355aeac362662d00fd33373af4b5eb02f52883463ae1ff72","warm-filesystem","fresh","none","50",,"False",,,"False","False","0","True","0,3717092","0,3716879","0,25","0,1875","0,453125","1,219100756306568","27242496","35459072","19445","6","2","55774","0","11","0",,,"11,953125",,"1789330388135","8313528267089e06bd9d192a4e41742e1d0256a0f63fe8c38180fdef273dacbe","C:\Users\sampo\git\GitComet\target\linker-bench\20260913-main\runs\dev-preparation-lld-20260913T201251871-dbdab6c2\links\1789330388132032700-12576\metrics.json"
"dev-preparation-lld-20260913T201251871-dbdab6c2","1789330388151957300-25480","dev-preparation-lld-20260913T201251871-dbdab6c2",,,"dev","preparation","linker","lld",,"132e72528e74f93c355aeac362662d00fd33373af4b5eb02f52883463ae1ff72","warm-filesystem","fresh","none","50",,"False",,,"False","False","0","True","0,4408585","0,5162884","0,109375","0,09375","0,234375","0,45396139057162627","27885568","44969984","19596","40","2","55786","0","11","0",,,"16,265625",,"1789330388154","e7954404316d4017419b82e290502380230b4f0ac1d615145f186e7450012f66","C:\Users\sampo\git\GitComet\target\linker-bench\20260913-main\runs\dev-preparation-lld-20260913T201251871-dbdab6c2\links\1789330388151957300-25480\metrics.json"
"dev-preparation-lld-20260913T201251871-dbdab6c2","1789330388170999600-4212","dev-preparation-lld-20260913T201251871-dbdab6c2",,,"dev","preparation","linker","lld",,"132e72528e74f93c355aeac362662d00fd33373af4b5eb02f52883463ae1ff72","warm-filesystem","fresh","none","50",,"False",,,"False","False","0","True","0,2690674","0,333341","0,234375","0,140625","0,375","1,1249741255951113","27643904","55771136","19384","40","2","43158","0","10","0",,,"10,625",,"1789330388174","3ece25d71ca3d589667df22f3c2f15cb664b17901f55f76955aba70c48efc822","C:\Users\sampo\git\GitComet\target\linker-bench\20260913-main\runs\dev-preparation-lld-20260913T201251871-dbdab6c2\links\1789330388170999600-4212\metrics.json"
"dev-preparation-lld-20260913T201251871-dbdab6c2","1789330388187101200-9896","dev-preparation-lld-20260913T201251871-dbdab6c2",,,"dev","preparation","linker","lld",,"132e72528e74f93c355aeac362662d00fd33373af4b5eb02f52883463ae1ff72","warm-filesystem","fresh","none","50",,"False",,,"False","False","0","True","0,3886358","0,3891765","0,28125","0,28125","0,578125","1,485508503211268","28094464","35176448","19512","38","2","43158","0","10","0",,,"11,921875",,"1789330388191","eea776aa7520da4b045134ab0e8786d7c65e21ea65988f46a69ef0568faade3a","C:\Users\sampo\git\GitComet\target\linker-bench\20260913-main\runs\dev-preparation-lld-20260913T201251871-dbdab6c2\links\1789330388187101200-9896\metrics.json"
"dev-preparation-lld-20260913T201251871-dbdab6c2","1789330388197316500-26304","dev-preparation-lld-20260913T201251871-dbdab6c2",,,"dev","preparation","linker","lld",,"132e72528e74f93c355aeac362662d00fd33373af4b5eb02f52883463ae1ff72","warm-filesystem","fresh","none","50",,"False",,,"False","False","0","True","0,3955341","0,4447094","0,203125","0,1875","0,40625","0,9135179063001592","27873280","28303360","19371","5","2","43166","0","10","0",,,"14,484375",,"1789330388225","b2e33e3372f9d9d8a2d62c3b7f594316855371d11129dd22f2ea8c1111f247b6","C:\Users\sampo\git\GitComet\target\linker-bench\20260913-main\runs\dev-preparation-lld-20260913T201251871-dbdab6c2\links\1789330388197316500-26304\metrics.json"
"dev-preparation-lld-20260913T201251871-dbdab6c2","1789330388203938000-16296","dev-preparation-lld-20260913T201251871-dbdab6c2",,,"dev","preparation","linker","lld",,"132e72528e74f93c355aeac362662d00fd33373af4b5eb02f52883463ae1ff72","warm-filesystem","fresh","none","50",,"False",,,"False","False","0","True","0,3068346","0,4518728","0,171875","0,09375","0,28125","0,622409669269759","27054080","58327040","19354","38","2","43170","0","10","0",,,"14,21875",,"1789330388219","51495ecc39c15896d4bd3e4af913d34784858a6460e25708b4e3a21db2e8929b","C:\Users\sampo\git\GitComet\target\linker-bench\20260913-main\runs\dev-preparation-lld-20260913T201251871-dbdab6c2\links\1789330388203938000-16296\metrics.json"
"dev-preparation-lld-20260913T201251871-dbdab6c2","1789330388264828600-9280","dev-preparation-lld-20260913T201251871-dbdab6c2",,,"dev","preparation","linker","lld",,"132e72528e74f93c355aeac362662d00fd33373af4b5eb02f52883463ae1ff72","warm-filesystem","fresh","none","50",,"False",,,"False","False","0","True","0,2927021","0,3635377","0,203125","0,09375","0,3125","0,859608233203874","27475968","50221056","19442","39","2","55758","0","11","0",,,"11,546875",,"1789330388267","73e9ff128f8cdc5682d6c69a91e23f254ad90033c7466ca7afc69df1510fd5fd","C:\Users\sampo\git\GitComet\target\linker-bench\20260913-main\runs\dev-preparation-lld-20260913T201251871-dbdab6c2\links\1789330388264828600-9280\metrics.json"
"dev-preparation-lld-20260913T201251871-dbdab6c2","1789330388271940100-8164","dev-preparation-lld-20260913T201251871-dbdab6c2",,,"dev","preparation","linker","lld",,"132e72528e74f93c355aeac362662d00fd33373af4b5eb02f52883463ae1ff72","warm-filesystem","fresh","none","50",,"False",,,"False","False","0","True","0,3879556","0,3884612","0,375","0,09375","0,46875","1,2066842196852607","28872704","8888320","19700","1","2","55754","0","11","0",,,"12,171875",,"1789330388285","4a050cb5e3450779983b6940bf11122eb6df74c52b3e590e462e3eb6d087cfc8","C:\Users\sampo\git\GitComet\target\linker-bench\20260913-main\runs\dev-preparation-lld-20260913T201251871-dbdab6c2\links\1789330388271940100-8164\metrics.json"
"dev-preparation-lld-20260913T201251871-dbdab6c2","1789330388302902700-24644","dev-preparation-lld-20260913T201251871-dbdab6c2",,,"dev","preparation","linker","lld",,"132e72528e74f93c355aeac362662d00fd33373af4b5eb02f52883463ae1ff72","warm-filesystem","fresh","none","50",,"False",,,"False","False","0","True","0,3029656","0,3466812","0,171875","0,046875","0,234375","0,6760533885310193","27496448","8888320","19566","1","2","55742","0","11","0",,,"11,671875",,"1789330388306","6f1aef6b79e0b8d53583901016c08471f01449bf51f2462f60c9dd8ee315d242","C:\Users\sampo\git\GitComet\target\linker-bench\20260913-main\runs\dev-preparation-lld-20260913T201251871-dbdab6c2\links\1789330388302902700-24644\metrics.json"
"dev-preparation-lld-20260913T201251871-dbdab6c2","1789330388309800200-4128","dev-preparation-lld-20260913T201251871-dbdab6c2",,,"dev","preparation","linker","lld",,"132e72528e74f93c355aeac362662d00fd33373af4b5eb02f52883463ae1ff72","warm-filesystem","fresh","none","50",,"False",,,"False","False","0","True","0,2574394","0,3503655","0,09375","0,0625","0,1875","0,535155430543247","27082752","8888320","19072","1","2","43158","0","10","0",,,"11,28125",,"1789330388312","229a35a8b0015dc7ab0ffafeb22d76a75eefdb56d07741ce63ec8b49a88b7ba7","C:\Users\sampo\git\GitComet\target\linker-bench\20260913-main\runs\dev-preparation-lld-20260913T201251871-dbdab6c2\links\1789330388309800200-4128\metrics.json"
"dev-preparation-lld-20260913T201251871-dbdab6c2","1789330388369250200-10084","dev-preparation-lld-20260913T201251871-dbdab6c2",,,"dev","preparation","linker","lld",,"132e72528e74f93c355aeac362662d00fd33373af4b5eb02f52883463ae1ff72","warm-filesystem","fresh","none","50",,"False",,,"False","False","0","True","0,2721914","0,2976781","0,109375","0,078125","0,203125","0,6823646079439502","27365376","8888320","19386","1","2","43174","0","10","0",,,"9,296875",,"1789330388372","8c690a7d0117e197d528b3ef43d1e41d345d924a638c7851f44147c9f79fa780","C:\Users\sampo\git\GitComet\target\linker-bench\20260913-main\runs\dev-preparation-lld-20260913T201251871-dbdab6c2\links\1789330388369250200-10084\metrics.json"
"dev-preparation-lld-20260913T201251871-dbdab6c2","1789330388371685800-6972","dev-preparation-lld-20260913T201251871-dbdab6c2",,,"dev","preparation","linker","lld",,"132e72528e74f93c355aeac362662d00fd33373af4b5eb02f52883463ae1ff72","warm-filesystem","fresh","none","50",,"False",,,"False","False","0","True","0,3585827","0,3557793","0,234375","0,171875","0,4375","1,2296949260398229","27750400","8888320","19427","1","2","55754","0","11","0",,,"19,8125",,"1789330388583","d61f0f85659361682e09aee984ed85ed0227db7ef778738e552ac9314fd30a5f","C:\Users\sampo\git\GitComet\target\linker-bench\20260913-main\runs\dev-preparation-lld-20260913T201251871-dbdab6c2\links\1789330388371685800-6972\metrics.json"
"dev-preparation-lld-20260913T201251871-dbdab6c2","1789330388390232400-25296","dev-preparation-lld-20260913T201251871-dbdab6c2",,,"dev","preparation","linker","lld",,"132e72528e74f93c355aeac362662d00fd33373af4b5eb02f52883463ae1ff72","warm-filesystem","fresh","none","50",,"False",,,"False","False","0","True","0,2939302","0,2962112","0,109375","0,140625","0,25","0,8439923946157336","28262400","45731840","19586","38","2","43166","0","10","0",,,"9,4375",,"1789330388402","5798c40880e0c13ceee9dcf61ab0151e7a0414abfad48db81f9e23405203d880","C:\Users\sampo\git\GitComet\target\linker-bench\20260913-main\runs\dev-preparation-lld-20260913T201251871-dbdab6c2\links\1789330388390232400-25296\metrics.json"
"dev-preparation-lld-20260913T201251871-dbdab6c2","1789330388483912800-9000","dev-preparation-lld-20260913T201251871-dbdab6c2",,,"dev","preparation","linker","lld",,"132e72528e74f93c355aeac362662d00fd33373af4b5eb02f52883463ae1ff72","warm-filesystem","fresh","none","50",,"False",,,"False","False","0","True","0,348964","0,4482951","0,1875","0,125","0,328125","0,7319397423705947","28155904","52535296","19344","40","2","43166","0","10","0",,,"14,171875",,"1789330388486","68c094e11fb7ce345935c2484746140212720298246d64161564aa55bacf4f35","C:\Users\sampo\git\GitComet\target\linker-bench\20260913-main\runs\dev-preparation-lld-20260913T201251871-dbdab6c2\links\1789330388483912800-9000\metrics.json"
"dev-preparation-lld-20260913T201251871-dbdab6c2","1789330388490203300-13704","dev-preparation-lld-20260913T201251871-dbdab6c2",,,"dev","preparation","linker","lld",,"132e72528e74f93c355aeac362662d00fd33373af4b5eb02f52883463ae1ff72","warm-filesystem","fresh","none","50",,"False",,,"False","False","0","True","0,2936412","0,4418268","0,171875","0,125","0,3125","0,7072907302137398","27164672","58081280","19307","41","2","43158","0","10","0",,,"14,1875",,"1789330388493","46116910b56d9e9f39456ef39ee83d24461fb7a3cb4d8cdaa0259ee41b32fcad","C:\Users\sampo\git\GitComet\target\linker-bench\20260913-main\runs\dev-preparation-lld-20260913T201251871-dbdab6c2\links\1789330388490203300-13704\metrics.json"
"dev-preparation-lld-20260913T201251871-dbdab6c2","1789330388507430000-9312","dev-preparation-lld-20260913T201251871-dbdab6c2",,,"dev","preparation","linker","lld",,"132e72528e74f93c355aeac362662d00fd33373af4b5eb02f52883463ae1ff72","warm-filesystem","fresh","none","50",,"False",,,"False","False","0","True","0,2972205","0,4229288","0,171875","0,0625","0,25","0,5911160460105814","27553792","57495552","19243","38","2","43162","0","10","0",,,"13,34375",,"1789330388512","e3020f30504fbd8f7c426f3ebc8e118bce68ea6c188965e6d33c1a78b8172d18","C:\Users\sampo\git\GitComet\target\linker-bench\20260913-main\runs\dev-preparation-lld-20260913T201251871-dbdab6c2\links\1789330388507430000-9312\metrics.json"
"dev-preparation-lld-20260913T201251871-dbdab6c2","1789330388629834200-11352","dev-preparation-lld-20260913T201251871-dbdab6c2",,,"dev","preparation","linker","lld",,"132e72528e74f93c355aeac362662d00fd33373af4b5eb02f52883463ae1ff72","warm-filesystem","fresh","none","50",,"False",,,"False","False","0","True","0,2643458","0,3025877","0,15625","0,21875","0,375","1,239310123973975","27566080","50610176","19408","38","2","55754","0","11","0",,,"9,703125",,"1789330388632","634c7920e4a0b528e12c82943b198d2048a6866d8a86f4040580ac761196fa3b","C:\Users\sampo\git\GitComet\target\linker-bench\20260913-main\runs\dev-preparation-lld-20260913T201251871-dbdab6c2\links\1789330388629834200-11352\metrics.json"
"dev-preparation-lld-20260913T201251871-dbdab6c2","1789330388648193600-31492","dev-preparation-lld-20260913T201251871-dbdab6c2",,,"dev","preparation","linker","lld",,"132e72528e74f93c355aeac362662d00fd33373af4b5eb02f52883463ae1ff72","warm-filesystem","fresh","none","50",,"False",,,"False","False","0","True","0,3979672","0,6515398","0,125","0,125","0,265625","0,4076880644896904","27906048","68366336","19465","41","2","43158","0","10","0",,,"21,578125",,"1789330388650","9edf0692ca8754142d9c3fb163d92d690d46282d56f50429654963660aa8790f","C:\Users\sampo\git\GitComet\target\linker-bench\20260913-main\runs\dev-preparation-lld-20260913T201251871-dbdab6c2\links\1789330388648193600-31492\metrics.json"
"dev-preparation-lld-20260913T201251871-dbdab6c2","1789330388697392100-5332","dev-preparation-lld-20260913T201251871-dbdab6c2",,,"dev","preparation","linker","lld",,"132e72528e74f93c355aeac362662d00fd33373af4b5eb02f52883463ae1ff72","warm-filesystem","fresh","none","50",,"False",,,"False","False","0","True","0,3360289","0,5165582","0,140625","0,265625","0,40625","0,7864554274813564","27803648","8888320","19452","1","2","55758","0","11","0",,,"18,34375",,"1789330388704","21b4cec1e6e485bbe9df99edb6d13d62d86235f88619d1896fda5caf1656db8d","C:\Users\sampo\git\GitComet\target\linker-bench\20260913-main\runs\dev-preparation-lld-20260913T201251871-dbdab6c2\links\1789330388697392100-5332\metrics.json"
"dev-preparation-lld-20260913T201251871-dbdab6c2","1789330388758127800-20364","dev-preparation-lld-20260913T201251871-dbdab6c2",,,"dev","preparation","linker","lld",,"132e72528e74f93c355aeac362662d00fd33373af4b5eb02f52883463ae1ff72","warm-filesystem","fresh","none","50",,"False",,,"False","False","0","True","0,3439919","0,3713687","0,203125","0,171875","0,375","1,0097781530861378","26951680","8892416","19216","1","2","43158","0","10","0",,,"13,140625",,"1789330388761","c9f46d1f2c2db476e5cd4f4652e28198253ffbce8c1299f9c26da7fbabe1f499","C:\Users\sampo\git\GitComet\target\linker-bench\20260913-main\runs\dev-preparation-lld-20260913T201251871-dbdab6c2\links\1789330388758127800-20364\metrics.json"
"dev-preparation-lld-20260913T201251871-dbdab6c2","1789330388783074900-7724","dev-preparation-lld-20260913T201251871-dbdab6c2",,,"dev","preparation","linker","lld",,"132e72528e74f93c355aeac362662d00fd33373af4b5eb02f52883463ae1ff72","warm-filesystem","fresh","none","50",,"False",,,"False","False","0","True","0,258393","0,3079751","0,328125","0,234375","0,578125","1,8771809798909067","26906624","51507200","19292","39","2","55754","0","11","0",,,"9,53125",,"1789330388786","81910ed7ba82eb0d334a1910ce9fbb0223c660d1ff1ccda1c42ff7f91d1045a2","C:\Users\sampo\git\GitComet\target\linker-bench\20260913-main\runs\dev-preparation-lld-20260913T201251871-dbdab6c2\links\1789330388783074900-7724\metrics.json"
"dev-preparation-lld-20260913T201251871-dbdab6c2","1789330388817550900-2020","dev-preparation-lld-20260913T201251871-dbdab6c2",,,"dev","preparation","linker","lld",,"132e72528e74f93c355aeac362662d00fd33373af4b5eb02f52883463ae1ff72","warm-filesystem","fresh","none","50",,"False",,,"False","False","0","True","0,2796179","0,5012475","0,140625","0,125","0,28125","0,5611000553618721","27082752","44273664","19257","40","2","43158","0","10","0",,,"16,203125",,"1789330388821","f15281d8834377d3d3cd38e201f94adf5b453417be4494c27bae4e6eaecc0cb5","C:\Users\sampo\git\GitComet\target\linker-bench\20260913-main\runs\dev-preparation-lld-20260913T201251871-dbdab6c2\links\1789330388817550900-2020\metrics.json"
"dev-preparation-lld-20260913T201251871-dbdab6c2","1789330388842165300-25364","dev-preparation-lld-20260913T201251871-dbdab6c2",,,"dev","preparation","linker","lld",,"132e72528e74f93c355aeac362662d00fd33373af4b5eb02f52883463ae1ff72","warm-filesystem","fresh","none","50",,"False",,,"False","False","0","True","0,3001014","0,3091231","0,171875","0,109375","0,28125","0,9098317142911675","27467776","8888320","19402","1","2","55770","0","11","0",,,"12,390625",,"1789330388847","3dbfe5e891958d5c20964c718c23d57ba02c87236179e3c3697d412e6a622c10","C:\Users\sampo\git\GitComet\target\linker-bench\20260913-main\runs\dev-preparation-lld-20260913T201251871-dbdab6c2\links\1789330388842165300-25364\metrics.json"
"dev-preparation-lld-20260913T201251871-dbdab6c2","1789330388910741500-25004","dev-preparation-lld-20260913T201251871-dbdab6c2",,,"dev","preparation","linker","lld",,"132e72528e74f93c355aeac362662d00fd33373af4b5eb02f52883463ae1ff72","warm-filesystem","fresh","none","50",,"False",,,"False","False","0","True","0,3850873","0,6539074","0,015625","0,15625","0,1875","0,286737846979557","28811264","60198912","19680","40","2","55754","0","11","0",,,"20,8125",,"1789330388914","05e52b91439d75fb0f0742ab2959442b53a3ad1c6afcae96dac470a818c2c28e","C:\Users\sampo\git\GitComet\target\linker-bench\20260913-main\runs\dev-preparation-lld-20260913T201251871-dbdab6c2\links\1789330388910741500-25004\metrics.json"
"dev-preparation-lld-20260913T201251871-dbdab6c2","1789330388917107500-3380","dev-preparation-lld-20260913T201251871-dbdab6c2",,,"dev","preparation","linker","lld",,"132e72528e74f93c355aeac362662d00fd33373af4b5eb02f52883463ae1ff72","warm-filesystem","fresh","none","50",,"False",,,"False","False","0","True","0,3116702","0,3794418","0,171875","0,234375","0,421875","1,1118305890389515","27598848","56303616","19490","38","2","55758","0","11","0",,,"11,578125",,"1789330388919","1ab38e801d2d3b2a5b86dddf35a2c96a390b7a73726685fee211d31151274250","C:\Users\sampo\git\GitComet\target\linker-bench\20260913-main\runs\dev-preparation-lld-20260913T201251871-dbdab6c2\links\1789330388917107500-3380\metrics.json"
"dev-preparation-lld-20260913T201251871-dbdab6c2","1789330388943696100-31672","dev-preparation-lld-20260913T201251871-dbdab6c2",,,"dev","preparation","linker","lld",,"132e72528e74f93c355aeac362662d00fd33373af4b5eb02f52883463ae1ff72","warm-filesystem","fresh","none","50",,"False",,,"False","False","0","True","0,3969238","0,4004193","0,296875","0,1875","0,484375","1,2096694639843784","27680768","34504704","19236","7","2","43158","0","10","0",,,"12,828125",,"1789330388950","596880ba243e90192120d8d450e83391d010845b54c43cebdc44aa989e642d96","C:\Users\sampo\git\GitComet\target\linker-bench\20260913-main\runs\dev-preparation-lld-20260913T201251871-dbdab6c2\links\1789330388943696100-31672\metrics.json"
"dev-preparation-lld-20260913T201251871-dbdab6c2","1789330388945242900-21196","dev-preparation-lld-20260913T201251871-dbdab6c2",,,"dev","preparation","linker","lld",,"132e72528e74f93c355aeac362662d00fd33373af4b5eb02f52883463ae1ff72","warm-filesystem","fresh","none","50",,"False",,,"False","False","0","True","0,377711","0,3772746","0,203125","0,34375","0,578125","1,5323719115996677","27480064","28147712","19342","6","2","43166","0","10","0",,,"11,421875",,"1789330388950","1181beadfe8e73b53107f79ab962d05270a374315cb2e8987016c8fafa2a5643","C:\Users\sampo\git\GitComet\target\linker-bench\20260913-main\runs\dev-preparation-lld-20260913T201251871-dbdab6c2\links\1789330388945242900-21196\metrics.json"
"dev-preparation-lld-20260913T201251871-dbdab6c2","1789330388957791000-13248","dev-preparation-lld-20260913T201251871-dbdab6c2",,,"dev","preparation","linker","lld",,"132e72528e74f93c355aeac362662d00fd33373af4b5eb02f52883463ae1ff72","warm-filesystem","fresh","none","50",,"False",,,"False","False","0","True","0,324942","0,3571728","0,171875","0,203125","0,375","1,0499119753799842","27443200","52748288","19388","38","2","43166","0","10","0",,,"11,125",,"1789330388960","7e598d6fd14c7e4bab8d78e44b235e2fadaf0c9cc4567118f75795fd0c536143","C:\Users\sampo\git\GitComet\target\linker-bench\20260913-main\runs\dev-preparation-lld-20260913T201251871-dbdab6c2\links\1789330388957791000-13248\metrics.json"
"dev-preparation-lld-20260913T201251871-dbdab6c2","1789330388971790300-30076","dev-preparation-lld-20260913T201251871-dbdab6c2",,,"dev","preparation","linker","lld",,"132e72528e74f93c355aeac362662d00fd33373af4b5eb02f52883463ae1ff72","warm-filesystem","fresh","none","50",,"False",,,"False","False","0","True","0,3471045","0,5929414","0,078125","0,1875","0,28125","0,474330178327909","27258880","67776512","19134","1","2","43158","0","10","0",,,"18,71875",,"1789330388975","6931f4afac27b5903a5be782a70d818841d94b35ad7c7c0fd45b0ea471ac5ac3","C:\Users\sampo\git\GitComet\target\linker-bench\20260913-main\runs\dev-preparation-lld-20260913T201251871-dbdab6c2\links\1789330388971790300-30076\metrics.json"
"dev-preparation-lld-20260913T201251871-dbdab6c2","1789330388973850900-7128","dev-preparation-lld-20260913T201251871-dbdab6c2",,,"dev","preparation","linker","lld",,"132e72528e74f93c355aeac362662d00fd33373af4b5eb02f52883463ae1ff72","warm-filesystem","fresh","none","50",,"False",,,"False","False","0","True","0,293033","0,3411077","0,1875","0,109375","0,296875","0,8703262928394756","27406336","44740608","19523","39","2","55758","0","11","0",,,"10,703125",,"1789330388976","d799bbb1e1f0c7996bb495d984dd7e1f4ea03d7474e33626a27eeed5e34afa8a","C:\Users\sampo\git\GitComet\target\linker-bench\20260913-main\runs\dev-preparation-lld-20260913T201251871-dbdab6c2\links\1789330388973850900-7128\metrics.json"
"dev-preparation-lld-20260913T201251871-dbdab6c2","1789330389016438500-5976","dev-preparation-lld-20260913T201251871-dbdab6c2",,,"dev","preparation","linker","lld",,"132e72528e74f93c355aeac362662d00fd33373af4b5eb02f52883463ae1ff72","warm-filesystem","fresh","none","50",,"False",,,"False","False","0","True","0,2840277","0,3071395","0,140625","0,078125","0,25","0,8139623851702565","29077504","8888320","19851","1","2","43158","0","10","0",,,"9,75",,"1789330389019","8bcc528acf0ab9d5949b3a9a3ca46e314cd20cba9bad08f16e4479185a0ea9e6","C:\Users\sampo\git\GitComet\target\linker-bench\20260913-main\runs\dev-preparation-lld-20260913T201251871-dbdab6c2\links\1789330389016438500-5976\metrics.json"
"dev-preparation-lld-20260913T201251871-dbdab6c2","1789330389057585600-16740","dev-preparation-lld-20260913T201251871-dbdab6c2",,,"dev","preparation","linker","lld",,"132e72528e74f93c355aeac362662d00fd33373af4b5eb02f52883463ae1ff72","warm-filesystem","fresh","none","50",,"False",,,"False","False","0","True","0,4290773","0,5543873","0,140625","0,15625","0,296875","0,5355010838090988","27648000","68190208","19526","8","2","43162","0","10","0",,,"17,265625",,"1789330389061","fca78d0ce30a5ca34cf267395039c229d804f2ee11ecc4949f3d2896375309ef","C:\Users\sampo\git\GitComet\target\linker-bench\20260913-main\runs\dev-preparation-lld-20260913T201251871-dbdab6c2\links\1789330389057585600-16740\metrics.json"
"dev-preparation-lld-20260913T201251871-dbdab6c2","1789330389088070700-8304","dev-preparation-lld-20260913T201251871-dbdab6c2",,,"dev","preparation","linker","lld",,"132e72528e74f93c355aeac362662d00fd33373af4b5eb02f52883463ae1ff72","warm-filesystem","fresh","none","50",,"False",,,"False","False","0","True","0,3888093","0,5068467","0,125","0,140625","0,296875","0,5857293733983077","27148288","67706880","19203","38","2","43158","0","10","0",,,"18,09375",,"1789330389237","359dc15c852b1c22af9bf45df1c104eba761e97a46af6ff985cb0375f69d6881","C:\Users\sampo\git\GitComet\target\linker-bench\20260913-main\runs\dev-preparation-lld-20260913T201251871-dbdab6c2\links\1789330389088070700-8304\metrics.json"
"dev-preparation-lld-20260913T201251871-dbdab6c2","1789330389096505800-15488","dev-preparation-lld-20260913T201251871-dbdab6c2",,,"dev","preparation","linker","lld",,"132e72528e74f93c355aeac362662d00fd33373af4b5eb02f52883463ae1ff72","warm-filesystem","fresh","none","50",,"False",,,"False","False","0","True","0,2972004","0,4641656","0,0625","0,15625","0,203125","0,4376132139046926","27316224","68050944","19228","1","2","43158","0","10","0",,,"14,71875",,"1789330389104","c3f7baccad7356622da3bc5f00fbb0086450f4ace875785183f80e9a9b3600ee","C:\Users\sampo\git\GitComet\target\linker-bench\20260913-main\runs\dev-preparation-lld-20260913T201251871-dbdab6c2\links\1789330389096505800-15488\metrics.json"
"dev-preparation-lld-20260913T201251871-dbdab6c2","1789330389097434200-9308","dev-preparation-lld-20260913T201251871-dbdab6c2",,,"dev","preparation","linker","lld",,"132e72528e74f93c355aeac362662d00fd33373af4b5eb02f52883463ae1ff72","warm-filesystem","fresh","none","50",,"False",,,"False","False","0","True","0,4123174","0,4790752","0,171875","0,078125","0,234375","0,489223821228901","28598272","46493696","19473","40","2","43154","0","10","0",,,"15,265625",,"1789330389100","e526dbc77094fcc57bd540279550df544eb9ba3049868b00b5cc2b554207108d","C:\Users\sampo\git\GitComet\target\linker-bench\20260913-main\runs\dev-preparation-lld-20260913T201251871-dbdab6c2\links\1789330389097434200-9308\metrics.json"
"dev-preparation-lld-20260913T201251871-dbdab6c2","1789330389141973500-9760","dev-preparation-lld-20260913T201251871-dbdab6c2",,,"dev","preparation","linker","lld",,"132e72528e74f93c355aeac362662d00fd33373af4b5eb02f52883463ae1ff72","warm-filesystem","fresh","none","50",,"False",,,"False","False","0","True","0,4124929","0,4232656","0,203125","0,109375","0,3125","0,7383071055148351","27385856","8888320","19338","1","2","55770","0","11","0",,,"13,65625",,"1789330389146","2ddce6fe1372a7ecf4483c28968566214c761c99d880e8118dcdcac9f78d08d7","C:\Users\sampo\git\GitComet\target\linker-bench\20260913-main\runs\dev-preparation-lld-20260913T201251871-dbdab6c2\links\1789330389141973500-9760\metrics.json"
"dev-preparation-lld-20260913T201251871-dbdab6c2","1789330389149741300-24928","dev-preparation-lld-20260913T201251871-dbdab6c2",,,"dev","preparation","linker","lld",,"132e72528e74f93c355aeac362662d00fd33373af4b5eb02f52883463ae1ff72","warm-filesystem","fresh","none","50",,"False",,,"False","False","0","True","0,4021082","0,4717288","0,3125","0,265625","0,578125","1,2255452709268546","28430336","47120384","19548","40","2","55754","0","11","0",,,"14,421875",,"1789330389154","c34e7cbd45d864891165e789625b7d360140bdf749da70dcacac854cb64af711","C:\Users\sampo\git\GitComet\target\linker-bench\20260913-main\runs\dev-preparation-lld-20260913T201251871-dbdab6c2\links\1789330389149741300-24928\metrics.json"
"dev-preparation-lld-20260913T201251871-dbdab6c2","1789330389239360800-1848","dev-preparation-lld-20260913T201251871-dbdab6c2",,,"dev","preparation","linker","lld",,"132e72528e74f93c355aeac362662d00fd33373af4b5eb02f52883463ae1ff72","warm-filesystem","fresh","none","50",,"False",,,"False","False","0","True","0,3190781","0,3246391","0,234375","0,21875","0,46875","1,4439111000492546","28069888","8888320","19631","1","2","55774","0","11","0",,,"10,03125",,"1789330389250","2beec93122c25119586e9a646a9aeb9a4bd6b104e4b417e7c7e7f8e5e465989e","C:\Users\sampo\git\GitComet\target\linker-bench\20260913-main\runs\dev-preparation-lld-20260913T201251871-dbdab6c2\links\1789330389239360800-1848\metrics.json"
"dev-preparation-lld-20260913T201251871-dbdab6c2","1789330389239745900-10804","dev-preparation-lld-20260913T201251871-dbdab6c2",,,"dev","preparation","linker","lld",,"132e72528e74f93c355aeac362662d00fd33373af4b5eb02f52883463ae1ff72","warm-filesystem","fresh","none","50",,"False",,,"False","False","0","True","0,2465665","0,34133","0,0625","0,0625","0,140625","0,41199132804031285","27770880","58982400","19369","40","2","43158","0","10","0",,,"10,390625",,"1789330389245","69fcce5f469ba29a27227b53b10f6bebd56db8f10ddcf129707dd288aa4896d9","C:\Users\sampo\git\GitComet\target\linker-bench\20260913-main\runs\dev-preparation-lld-20260913T201251871-dbdab6c2\links\1789330389239745900-10804\metrics.json"
"dev-preparation-lld-20260913T201251871-dbdab6c2","1789330389378084400-24708","dev-preparation-lld-20260913T201251871-dbdab6c2",,,"dev","preparation","linker","lld",,"132e72528e74f93c355aeac362662d00fd33373af4b5eb02f52883463ae1ff72","warm-filesystem","fresh","none","50",,"False",,,"False","False","0","True","0,2900341","0,322274","0,15625","0,109375","0,265625","0,8242210044868652","27127808","56020992","19177","40","2","43138","0","10","0",,,"10,375",,"1789330389381","428d4b4865c3b91c548a2fff8dba812b567401622c462da4909ad26359d327ed","C:\Users\sampo\git\GitComet\target\linker-bench\20260913-main\runs\dev-preparation-lld-20260913T201251871-dbdab6c2\links\1789330389378084400-24708\metrics.json"
"dev-preparation-lld-20260913T201251871-dbdab6c2","1789330389446651100-24464","dev-preparation-lld-20260913T201251871-dbdab6c2",,,"dev","preparation","linker","lld",,"132e72528e74f93c355aeac362662d00fd33373af4b5eb02f52883463ae1ff72","warm-filesystem","fresh","none","50",,"False",,,"False","False","0","True","0,3219008","0,3327536","0,078125","0,140625","0,25","0,751306672564925","27488256","37851136","19522","40","2","55758","0","11","0",,,"10,546875",,"1789330389451","9fbb2c98cae17f189f8e9108bf668546f082f91de14c980c8757be60423d136c","C:\Users\sampo\git\GitComet\target\linker-bench\20260913-main\runs\dev-preparation-lld-20260913T201251871-dbdab6c2\links\1789330389446651100-24464\metrics.json"
"dev-preparation-lld-20260913T201251871-dbdab6c2","1789330389487092300-19644","dev-preparation-lld-20260913T201251871-dbdab6c2",,,"dev","preparation","linker","lld",,"132e72528e74f93c355aeac362662d00fd33373af4b5eb02f52883463ae1ff72","warm-filesystem","fresh","none","50",,"False",,,"False","False","0","True","0,3073342","0,3114142","0,1875","0,0625","0,265625","0,8529636734612617","27168768","44142592","19215","40","2","43134","0","10","0",,,"9,875",,"1789330389490","014bb11f0d7ffe78c0d6441e5d88d4d0948a5abc7a335a4d8261616b45dd7d6f","C:\Users\sampo\git\GitComet\target\linker-bench\20260913-main\runs\dev-preparation-lld-20260913T201251871-dbdab6c2\links\1789330389487092300-19644\metrics.json"
"dev-preparation-lld-20260913T201251871-dbdab6c2","1789330389536024400-30456","dev-preparation-lld-20260913T201251871-dbdab6c2",,,"dev","preparation","linker","lld",,"132e72528e74f93c355aeac362662d00fd33373af4b5eb02f52883463ae1ff72","warm-filesystem","fresh","none","50",,"False",,,"False","False","0","True","0,2736433","0,2992476","0,09375","0,265625","0,390625","1,30535716911347","27607040","36806656","19264","38","2","43166","0","10","0",,,"9,390625",,"1789330389538","0490311846a56c835802bc3ec4d193062f90500e5070b65119b7f8747cdedce2","C:\Users\sampo\git\GitComet\target\linker-bench\20260913-main\runs\dev-preparation-lld-20260913T201251871-dbdab6c2\links\1789330389536024400-30456\metrics.json"
"dev-preparation-lld-20260913T201251871-dbdab6c2","1789330389580801600-25684","dev-preparation-lld-20260913T201251871-dbdab6c2",,,"dev","preparation","linker","lld",,"132e72528e74f93c355aeac362662d00fd33373af4b5eb02f52883463ae1ff72","warm-filesystem","fresh","none","50",,"False",,,"False","False","0","True","0,2634142","0,2635536","0,15625","0,109375","0,265625","1,0078595018242968","27090944","52097024","19169","38","2","43158","0","10","0",,,"8,4375",,"1789330389587","170b9effa30988b464f43f9b5a33dad418b9cb177a9f76e5af355c71fd3673ff","C:\Users\sampo\git\GitComet\target\linker-bench\20260913-main\runs\dev-preparation-lld-20260913T201251871-dbdab6c2\links\1789330389580801600-25684\metrics.json"
"dev-preparation-lld-20260913T201251871-dbdab6c2","1789330389785865300-8364","dev-preparation-lld-20260913T201251871-dbdab6c2",,,"dev","preparation","linker","lld",,"132e72528e74f93c355aeac362662d00fd33373af4b5eb02f52883463ae1ff72","warm-filesystem","fresh","none","50",,"False",,,"False","False","0","True","0,1539639","0,1539879","0,125","0,046875","0,21875","1,4205661613672242","12902400","8892416","9106","1","2","56306","0","11","0",,,"4,828125",,"1789330389799","eed8a8785056cf9723eb095623490d3987c15db297072ec8b6832ec520f75bff","C:\Users\sampo\git\GitComet\target\linker-bench\20260913-main\runs\dev-preparation-lld-20260913T201251871-dbdab6c2\links\1789330389785865300-8364\metrics.json"
"dev-preparation-lld-20260913T201251871-dbdab6c2","1789330390811086800-30088","dev-preparation-lld-20260913T201251871-dbdab6c2",,,"dev","preparation","linker","lld",,"132e72528e74f93c355aeac362662d00fd33373af4b5eb02f52883463ae1ff72","warm-filesystem","fresh","none","50",,"False",,,"False","False","0","True","0,3944628","0,39812","0,4375","0,25","0,71875","1,8053601929066614","38498304","67338240","27706","38","2","56146","1992","13","1",,,"12,390625",,"1789330390813","2a05b47b786ead1edc49c15c52ca3fcd176e31c80db3b7e46846db13f549c445","C:\Users\sampo\git\GitComet\target\linker-bench\20260913-main\runs\dev-preparation-lld-20260913T201251871-dbdab6c2\links\1789330390811086800-30088\metrics.json"
"dev-preparation-lld-20260913T201251871-dbdab6c2","1789330391252925300-16680","dev-preparation-lld-20260913T201251871-dbdab6c2",,,"dev","preparation","linker","lld",,"132e72528e74f93c355aeac362662d00fd33373af4b5eb02f52883463ae1ff72","warm-filesystem","fresh","none","50",,"False",,,"False","False","0","True","0,3431443","0,3433235","0,1875","0,234375","0,46875","1,3653303662580627","39739392","73490432","27534","38","2","50313","2086","13","1",,,"11,6875",,"1789330391256","2c4143d26118d2e6cf601fa68d0b1da851bc548c6c00a53eef73aeeb7f53d2c3","C:\Users\sampo\git\GitComet\target\linker-bench\20260913-main\runs\dev-preparation-lld-20260913T201251871-dbdab6c2\links\1789330391252925300-16680\metrics.json"
"dev-preparation-lld-20260913T201251871-dbdab6c2","1789330391526992200-3268","dev-preparation-lld-20260913T201251871-dbdab6c2",,,"dev","preparation","linker","lld",,"132e72528e74f93c355aeac362662d00fd33373af4b5eb02f52883463ae1ff72","warm-filesystem","fresh","none","50",,"False",,,"False","False","0","True","0,4018302","0,4296933","0,328125","0,3125","0,640625","1,4908889666187488","40419328","89542656","28691","38","2","51638","2048","13","1",,,"13,015625",,"1789330391529","ac6523af34b33c2c4fdeb6bdb991ddcec1c089ac7b992a2e626117a99643f578","C:\Users\sampo\git\GitComet\target\linker-bench\20260913-main\runs\dev-preparation-lld-20260913T201251871-dbdab6c2\links\1789330391526992200-3268\metrics.json"
"dev-preparation-lld-20260913T201251871-dbdab6c2","1789330391741713200-29776","dev-preparation-lld-20260913T201251871-dbdab6c2",,,"dev","preparation","linker","lld",,"132e72528e74f93c355aeac362662d00fd33373af4b5eb02f52883463ae1ff72","warm-filesystem","fresh","none","50",,"False",,,"False","False","0","True","0,4656623","0,5292674","0,359375","0,109375","0,515625","0,9742239933916201","40239104","86843392","27742","38","2","53796","1880","13","1",,,"16,390625",,"1789330391745","40be6d4a6205de5593652304a84333c2bb9b11090e60f69e2208074896eb7a26","C:\Users\sampo\git\GitComet\target\linker-bench\20260913-main\runs\dev-preparation-lld-20260913T201251871-dbdab6c2\links\1789330391741713200-29776\metrics.json"
"dev-preparation-lld-20260913T201251871-dbdab6c2","1789330391798370300-10856","dev-preparation-lld-20260913T201251871-dbdab6c2",,,"dev","preparation","linker","lld",,"132e72528e74f93c355aeac362662d00fd33373af4b5eb02f52883463ae1ff72","warm-filesystem","fresh","none","50",,"False",,,"False","False","0","True","0,4140979","0,4725774","0,21875","0,15625","0,390625","0,8265841743595864","40239104","89587712","28407","38","2","58448","1992","13","1",,,"14,765625",,"1789330391811","3f08b487100849491032894da7574ad0da141838d5fd2f472f39dbf6fda17dca","C:\Users\sampo\git\GitComet\target\linker-bench\20260913-main\runs\dev-preparation-lld-20260913T201251871-dbdab6c2\links\1789330391798370300-10856\metrics.json"
"dev-preparation-lld-20260913T201251871-dbdab6c2","1789330391820069600-25884","dev-preparation-lld-20260913T201251871-dbdab6c2",,,"dev","preparation","linker","lld",,"132e72528e74f93c355aeac362662d00fd33373af4b5eb02f52883463ae1ff72","warm-filesystem","fresh","none","50",,"False",,,"False","False","0","True","0,4748725","0,4747774","0,234375","0,140625","0,390625","0,8227539895538414","41164800","82272256","28947","39","2","54119","2076","13","1",,,"15,203125",,"1789330391822","8023b2db18a34edfc730f269ed3c1badf8a66a91681a9112d711097bfc9bd7a4","C:\Users\sampo\git\GitComet\target\linker-bench\20260913-main\runs\dev-preparation-lld-20260913T201251871-dbdab6c2\links\1789330391820069600-25884\metrics.json"
"dev-preparation-lld-20260913T201251871-dbdab6c2","1789330391844741300-16740","dev-preparation-lld-20260913T201251871-dbdab6c2",,,"dev","preparation","linker","lld",,"132e72528e74f93c355aeac362662d00fd33373af4b5eb02f52883463ae1ff72","warm-filesystem","fresh","none","50",,"False",,,"False","False","0","True","0,4268143","0,4474186","0,28125","0,109375","0,40625","0,907986391267596","39268352","87687168","28173","38","2","57576","1992","13","1",,,"14,09375",,"1789330391847","3cc935ed05855708bb2999476c4bc8584bf84d8d709f27330624ac290e97f330","C:\Users\sampo\git\GitComet\target\linker-bench\20260913-main\runs\dev-preparation-lld-20260913T201251871-dbdab6c2\links\1789330391844741300-16740\metrics.json"
"dev-preparation-lld-20260913T201251871-dbdab6c2","1789330391881932300-14012","dev-preparation-lld-20260913T201251871-dbdab6c2",,,"dev","preparation","linker","lld",,"132e72528e74f93c355aeac362662d00fd33373af4b5eb02f52883463ae1ff72","warm-filesystem","fresh","none","50",,"False",,,"False","False","0","True","0,4792545","0,5552156","0,375","0,140625","0,53125","0,9568355067833108","42295296","110022656","30274","8","2","47952","1946","12","1",,,"17,21875",,"1789330391885","3b7cba97315033e5c4ac8b08a59be2d9f067df4706f29f7bd17060c2d189234c","C:\Users\sampo\git\GitComet\target\linker-bench\20260913-main\runs\dev-preparation-lld-20260913T201251871-dbdab6c2\links\1789330391881932300-14012\metrics.json"
"dev-preparation-lld-20260913T201251871-dbdab6c2","1789330392047809100-10452","dev-preparation-lld-20260913T201251871-dbdab6c2",,,"dev","preparation","linker","lld",,"132e72528e74f93c355aeac362662d00fd33373af4b5eb02f52883463ae1ff72","warm-filesystem","fresh","none","50",,"False",,,"False","False","0","True","0,4660084","0,461049","0,421875","0,1875","0,640625","1,3894943921361937","39739392","41242624","28595","6","2","54526","2048","13","1",,,"15,375",,"1789330392050","a39bf5363789271051ab7795b881a259a67ab413633cd073c3f5b4276c302dfe","C:\Users\sampo\git\GitComet\target\linker-bench\20260913-main\runs\dev-preparation-lld-20260913T201251871-dbdab6c2\links\1789330392047809100-10452\metrics.json"
"dev-preparation-lld-20260913T201251871-dbdab6c2","1789330392123323700-3128","dev-preparation-lld-20260913T201251871-dbdab6c2",,,"dev","preparation","linker","lld",,"132e72528e74f93c355aeac362662d00fd33373af4b5eb02f52883463ae1ff72","warm-filesystem","fresh","none","50",,"False",,,"False","False","0","True","0,4159893","0,50069","0,40625","0,140625","0,59375","1,1858635083584654","40648704","104230912","29094","6","2","54389","2048","13","1",,,"15,40625",,"1789330392136","aa7ba5af30886d27600fe1253c0eca175f02cb6bb4a704bd4a24fb6d1d02bc65","C:\Users\sampo\git\GitComet\target\linker-bench\20260913-main\runs\dev-preparation-lld-20260913T201251871-dbdab6c2\links\1789330392123323700-3128\metrics.json"
"dev-preparation-lld-20260913T201251871-dbdab6c2","1789330392833314900-19196","dev-preparation-lld-20260913T201251871-dbdab6c2",,,"dev","preparation","linker","lld",,"132e72528e74f93c355aeac362662d00fd33373af4b5eb02f52883463ae1ff72","warm-filesystem","fresh","none","50",,"False",,,"False","False","0","True","0,4384151","0,439809","0,5","0,203125","0,71875","1,6342321325848266","42598400","49451008","30887","19","2","60000","2002","13","1",,,"13,703125",,"1789330392836","76bd9275550d59206254bfb1f84e835a939c44e994f34d71df71f9dcafab821a","C:\Users\sampo\git\GitComet\target\linker-bench\20260913-main\runs\dev-preparation-lld-20260913T201251871-dbdab6c2\links\1789330392833314900-19196\metrics.json"
"dev-preparation-lld-20260913T201251871-dbdab6c2","1789330392906256200-16180","dev-preparation-lld-20260913T201251871-dbdab6c2",,,"dev","preparation","linker","lld",,"132e72528e74f93c355aeac362662d00fd33373af4b5eb02f52883463ae1ff72","warm-filesystem","fresh","none","50",,"False",,,"False","False","0","True","0,4043759","0,4369383","0,25","0,125","0,390625","0,8940049430320025","44388352","99979264","31878","40","2","62352","2076","13","1",,,"13,578125",,"1789330392923","fe5fbb941ad93301c13c66af43df04b79b4d60c5656c6288ba7e1f9309faa761","C:\Users\sampo\git\GitComet\target\linker-bench\20260913-main\runs\dev-preparation-lld-20260913T201251871-dbdab6c2\links\1789330392906256200-16180\metrics.json"
"dev-preparation-lld-20260913T201251871-dbdab6c2","1789330392964322700-25348","dev-preparation-lld-20260913T201251871-dbdab6c2",,,"dev","preparation","linker","lld",,"132e72528e74f93c355aeac362662d00fd33373af4b5eb02f52883463ae1ff72","warm-filesystem","fresh","none","50",,"False",,,"False","False","0","True","0,3885608","0,4214977","0,40625","0,171875","0,59375","1,4086672359066255","43180032","96935936","30985","39","2","47969","2020","12","1",,,"12,9375",,"1789330392967","e5fa5a0a5bd4b29866255d31c9221977523d529c548d71d670fc654f6f274fd2","C:\Users\sampo\git\GitComet\target\linker-bench\20260913-main\runs\dev-preparation-lld-20260913T201251871-dbdab6c2\links\1789330392964322700-25348\metrics.json"
"dev-preparation-lld-20260913T201251871-dbdab6c2","1789330393209851800-25512","dev-preparation-lld-20260913T201251871-dbdab6c2",,,"dev","preparation","linker","lld",,"132e72528e74f93c355aeac362662d00fd33373af4b5eb02f52883463ae1ff72","warm-filesystem","fresh","none","50",,"False",,,"False","False","0","True","0,3551578","0,4165957","0,21875","0,171875","0,40625","0,9751660902884979","40370176","102313984","28541","7","2","58628","1946","13","1",,,"13,234375",,"1789330393236","9c4c61b7107b46c0d6dcdcaf71a14e69d21f41487b6deab7fdbc6c551305017e","C:\Users\sampo\git\GitComet\target\linker-bench\20260913-main\runs\dev-preparation-lld-20260913T201251871-dbdab6c2\links\1789330393209851800-25512\metrics.json"
"dev-preparation-lld-20260913T201251871-dbdab6c2","1789330393522439200-15060","dev-preparation-lld-20260913T201251871-dbdab6c2",,,"dev","preparation","linker","lld",,"132e72528e74f93c355aeac362662d00fd33373af4b5eb02f52883463ae1ff72","warm-filesystem","fresh","none","50",,"False",,,"False","False","0","True","0,341622","0,4227355","0,25","0,171875","0,4375","1,0349260944491296","40243200","103641088","28835","7","2","52404","1942","13","1",,,"13,546875",,"1789330393525","2fe27c408ce7f0c9efe0155dfe8408580fb8dc34571adf99a38d4cb0c3b0dab1","C:\Users\sampo\git\GitComet\target\linker-bench\20260913-main\runs\dev-preparation-lld-20260913T201251871-dbdab6c2\links\1789330393522439200-15060\metrics.json"
"dev-preparation-lld-20260913T201251871-dbdab6c2","1789330393768953000-31272","dev-preparation-lld-20260913T201251871-dbdab6c2",,,"dev","preparation","linker","lld",,"132e72528e74f93c355aeac362662d00fd33373af4b5eb02f52883463ae1ff72","warm-filesystem","fresh","none","50",,"False",,,"False","False","0","True","0,3873365","0,460076","0,28125","0,15625","0,453125","0,9848916266008225","47300608","106258432","34138","38","2","47968","2002","12","1",,,"14,8125",,"1789330393771","bdda284705ad5c0ec79d28f10246ab7fd271bf6a4e177f663205e8b60427e359","C:\Users\sampo\git\GitComet\target\linker-bench\20260913-main\runs\dev-preparation-lld-20260913T201251871-dbdab6c2\links\1789330393768953000-31272\metrics.json"
"dev-preparation-lld-20260913T201251871-dbdab6c2","1789330394221575500-13880","dev-preparation-lld-20260913T201251871-dbdab6c2",,,"dev","preparation","linker","lld",,"132e72528e74f93c355aeac362662d00fd33373af4b5eb02f52883463ae1ff72","warm-filesystem","fresh","none","50",,"False",,,"False","False","0","True","0,4296337","0,4402007","0,265625","0,171875","0,453125","1,0293600169195551","48799744","113381376","35720","41","2","56492","1964","13","1",,,"13,890625",,"1789330394249","2dbfc436cd8bbc028641b6b3f4cc1c6e73be25e2da567b409823e5877abbf0f6","C:\Users\sampo\git\GitComet\target\linker-bench\20260913-main\runs\dev-preparation-lld-20260913T201251871-dbdab6c2\links\1789330394221575500-13880\metrics.json"
"dev-preparation-lld-20260913T201251871-dbdab6c2","1789330394386596800-6784","dev-preparation-lld-20260913T201251871-dbdab6c2",,,"dev","preparation","linker","lld",,"132e72528e74f93c355aeac362662d00fd33373af4b5eb02f52883463ae1ff72","warm-filesystem","fresh","none","50",,"False",,,"False","False","0","True","0,3622968","0,4289246","0,25","0,203125","0,46875","1,0928494192219331","45735936","115085312","31936","40","2","47979","2082","12","1",,,"13,203125",,"1789330394389","39d30869ea865bff245012406df098672a0866ea66a1b68727f6eb14a7ae52cd","C:\Users\sampo\git\GitComet\target\linker-bench\20260913-main\runs\dev-preparation-lld-20260913T201251871-dbdab6c2\links\1789330394386596800-6784\metrics.json"
"dev-preparation-lld-20260913T201251871-dbdab6c2","1789330394697018000-30868","dev-preparation-lld-20260913T201251871-dbdab6c2",,,"dev","preparation","linker","lld",,"132e72528e74f93c355aeac362662d00fd33373af4b5eb02f52883463ae1ff72","warm-filesystem","fresh","none","50",,"False",,,"False","False","0","True","0,3673508","0,4114353","0,25","0,1875","0,46875","1,1393042842945174","44290048","114249728","31226","38","2","47964","2002","12","1",,,"12,53125",,"1789330394699","b831598359f325fa1171ba4844f475d8508c8e5b0d9e84832cf90a7a52c677f1","C:\Users\sampo\git\GitComet\target\linker-bench\20260913-main\runs\dev-preparation-lld-20260913T201251871-dbdab6c2\links\1789330394697018000-30868\metrics.json"
"dev-preparation-lld-20260913T201251871-dbdab6c2","1789330394952590500-10760","dev-preparation-lld-20260913T201251871-dbdab6c2",,,"dev","preparation","linker","lld",,"132e72528e74f93c355aeac362662d00fd33373af4b5eb02f52883463ae1ff72","warm-filesystem","fresh","none","50",,"False",,,"False","False","0","True","0,3695608","0,4137657","0,296875","0,4375","0,75","1,8126200407621995","52264960","135860224","37626","42","2","55463","2020","13","1",,,"12,734375",,"1789330394955","eecb020ba48109b34326d612109c541f038840ab0d31001c50608e187576ca72","C:\Users\sampo\git\GitComet\target\linker-bench\20260913-main\runs\dev-preparation-lld-20260913T201251871-dbdab6c2\links\1789330394952590500-10760\metrics.json"
"dev-preparation-lld-20260913T201251871-dbdab6c2","1789330395642205800-4280","dev-preparation-lld-20260913T201251871-dbdab6c2",,,"dev","preparation","linker","lld",,"132e72528e74f93c355aeac362662d00fd33373af4b5eb02f52883463ae1ff72","warm-filesystem","fresh","none","50",,"False",,,"False","False","0","True","0,3903544","0,4395906","0,34375","0,140625","0,515625","1,172966391911019","46776320","105406464","33420","39","2","47968","2002","12","1",,,"13,484375",,"1789330395645","e12dab7701b911708022106858c15efb92566fee63010293b79b471c4730dc71","C:\Users\sampo\git\GitComet\target\linker-bench\20260913-main\runs\dev-preparation-lld-20260913T201251871-dbdab6c2\links\1789330395642205800-4280\metrics.json"
"dev-preparation-lld-20260913T201251871-dbdab6c2","1789330395690005500-3128","dev-preparation-lld-20260913T201251871-dbdab6c2",,,"dev","preparation","linker","lld",,"132e72528e74f93c355aeac362662d00fd33373af4b5eb02f52883463ae1ff72","warm-filesystem","fresh","none","50",,"False",,,"False","False","0","True","0,4677857","0,4683859","0,28125","0,265625","0,5625","1,2009328205652645","57425920","121393152","42228","40","2","61813","2020","13","1",,,"14,9375",,"1789330395696","70da9950dfc306baf270011c5de302a255ba2514a65afb6d8d1709b62b195956","C:\Users\sampo\git\GitComet\target\linker-bench\20260913-main\runs\dev-preparation-lld-20260913T201251871-dbdab6c2\links\1789330395690005500-3128\metrics.json"
"dev-preparation-lld-20260913T201251871-dbdab6c2","1789330395733813000-11076","dev-preparation-lld-20260913T201251871-dbdab6c2",,,"dev","preparation","linker","lld",,"132e72528e74f93c355aeac362662d00fd33373af4b5eb02f52883463ae1ff72","warm-filesystem","fresh","none","50",,"False",,,"False","False","0","True","0,4327331","0,4614477","0,328125","0,296875","0,640625","1,3882938413172283","49152000","112508928","35248","38","2","61531","2020","13","1",,,"14,34375",,"1789330395740","adf9cdee5d5451a95f76e6401fe879a071d26dec7cc146cde9381603094a5c26","C:\Users\sampo\git\GitComet\target\linker-bench\20260913-main\runs\dev-preparation-lld-20260913T201251871-dbdab6c2\links\1789330395733813000-11076\metrics.json"
"dev-preparation-lld-20260913T201251871-dbdab6c2","1789330395803083300-4700","dev-preparation-lld-20260913T201251871-dbdab6c2",,,"dev","preparation","linker","lld",,"132e72528e74f93c355aeac362662d00fd33373af4b5eb02f52883463ae1ff72","warm-filesystem","fresh","none","50",,"False",,,"False","False","0","True","0,4238886","0,4250639","0,34375","0,234375","0,609375","1,4336079822351415","49463296","107253760","34883","40","2","47980","2058","12","1",,,"13,515625",,"1789330395805","5c7c13744b1b2322fb461dfb8c2c8e0c6f0f8f409b9d56e7bb202f2db2b39072","C:\Users\sampo\git\GitComet\target\linker-bench\20260913-main\runs\dev-preparation-lld-20260913T201251871-dbdab6c2\links\1789330395803083300-4700\metrics.json"
"dev-preparation-lld-20260913T201251871-dbdab6c2","1789330397251403500-30092","dev-preparation-lld-20260913T201251871-dbdab6c2",,,"dev","preparation","linker","lld",,"132e72528e74f93c355aeac362662d00fd33373af4b5eb02f52883463ae1ff72","warm-filesystem","fresh","none","50",,"False",,,"False","False","0","True","0,4115331","0,4152072","0,3125","0,234375","0,5625","1,354745293434218","51810304","113037312","36968","40","2","61493","1964","13","1",,,"13,34375",,"1789330397259","825f00d5031a1d43e1b9c7c7d1a0f940f1990c65d1867d63162476bb9665cdc9","C:\Users\sampo\git\GitComet\target\linker-bench\20260913-main\runs\dev-preparation-lld-20260913T201251871-dbdab6c2\links\1789330397251403500-30092\metrics.json"
"dev-preparation-lld-20260913T201251871-dbdab6c2","1789330398776034400-14112","dev-preparation-lld-20260913T201251871-dbdab6c2",,,"dev","preparation","linker","lld",,"132e72528e74f93c355aeac362662d00fd33373af4b5eb02f52883463ae1ff72","warm-filesystem","fresh","none","50",,"False",,,"False","False","0","True","0,4217361","0,4217749","0,3125","0,234375","0,5625","1,3336497738485624","51826688","105639936","37863","39","2","61314","1974","13","1",,,"12,921875",,"1789330398782","8ce9128b04664ad32a59ed21702d5992dcfb6c0ba387a41711249ff182b6de18","C:\Users\sampo\git\GitComet\target\linker-bench\20260913-main\runs\dev-preparation-lld-20260913T201251871-dbdab6c2\links\1789330398776034400-14112\metrics.json"
"dev-preparation-lld-20260913T201251871-dbdab6c2","1789330398883166600-24488","dev-preparation-lld-20260913T201251871-dbdab6c2",,,"dev","preparation","linker","lld",,"132e72528e74f93c355aeac362662d00fd33373af4b5eb02f52883463ae1ff72","warm-filesystem","fresh","none","50",,"False",,,"False","False","0","True","0,4045169","0,4130716","0,296875","0,34375","0,65625","1,5887076235693764","50012160","114200576","36219","40","2","61556","1974","13","1",,,"12,328125",,"1789330398889","8f419bb68281c619344c33fc5bd7cd8be9c97b9ec81dbbd294cdb2fa717f92c4","C:\Users\sampo\git\GitComet\target\linker-bench\20260913-main\runs\dev-preparation-lld-20260913T201251871-dbdab6c2\links\1789330398883166600-24488\metrics.json"
"dev-preparation-lld-20260913T201251871-dbdab6c2","1789330400856217500-3496","dev-preparation-lld-20260913T201251871-dbdab6c2",,,"dev","preparation","linker","lld",,"132e72528e74f93c355aeac362662d00fd33373af4b5eb02f52883463ae1ff72","warm-filesystem","fresh","none","50",,"False",,,"False","False","0","True","0,4056473","0,4103746","0,34375","0,6875","1,046875","2,5510228946918256","57782272","131461120","41977","38","2","62402","2030","13","1",,,"12,25",,"1789330400862","cb60231cce0dc64f0eb17b1d06dade6240f5eb2468109853c5ee6aebdfcd3f64","C:\Users\sampo\git\GitComet\target\linker-bench\20260913-main\runs\dev-preparation-lld-20260913T201251871-dbdab6c2\links\1789330400856217500-3496\metrics.json"
"dev-preparation-lld-20260913T201251871-dbdab6c2","1789330407787181900-24900","dev-preparation-lld-20260913T201251871-dbdab6c2",,,"dev","preparation","linker","lld",,"132e72528e74f93c355aeac362662d00fd33373af4b5eb02f52883463ae1ff72","warm-filesystem","fresh","none","50",,"False",,,"False","False","0","True","0,3837711","0,4551044","0,4375","0,21875","0,6875","1,5106423932618538","43638784","91103232","29732","39","2","80036","0","14","0",,,"14,34375",,"1789330407790","e4fe26fc264fb43d0be27d7c1cbc56491ede1a297c9221e2d8274a7b92dbe087","C:\Users\sampo\git\GitComet\target\linker-bench\20260913-main\runs\dev-preparation-lld-20260913T201251871-dbdab6c2\links\1789330407787181900-24900\metrics.json"
"dev-preparation-lld-20260913T201251871-dbdab6c2","1789330410172319000-1720","dev-preparation-lld-20260913T201251871-dbdab6c2",,,"dev","preparation","linker","lld",,"132e72528e74f93c355aeac362662d00fd33373af4b5eb02f52883463ae1ff72","warm-filesystem","fresh","none","50",,"False",,,"False","False","0","True","0,3792656","0,4086299","0,1875","0,203125","0,40625","0,994175903427527","45379584","116629504","33014","42","2","47957","1964","12","1",,,"12,90625",,"1789330410190","9ca247fdfc5c888d1316af289fa006906b909a7c51dcc8f3ca4100708ce35b12","C:\Users\sampo\git\GitComet\target\linker-bench\20260913-main\runs\dev-preparation-lld-20260913T201251871-dbdab6c2\links\1789330410172319000-1720\metrics.json"
"dev-preparation-lld-20260913T201251871-dbdab6c2","1789330418488180800-25580","dev-preparation-lld-20260913T201251871-dbdab6c2",,,"dev","preparation","linker","lld",,"132e72528e74f93c355aeac362662d00fd33373af4b5eb02f52883463ae1ff72","warm-filesystem","fresh","none","50",,"False",,,"False","False","0","True","0,548181","0,5481973","1,34375","0,859375","2,203125","4,018854160719142","165208064","463024128","125605","39","2","54994","0","12","0",,,"6,578125",,"1789330418492","e6a7a4195d497d38c28ee1988197a854d2d248afa6c0c5539bd0c5aed452c6ff","C:\Users\sampo\git\GitComet\target\linker-bench\20260913-main\runs\dev-preparation-lld-20260913T201251871-dbdab6c2\links\1789330418488180800-25580\metrics.json"
"dev-preparation-lld-20260913T201251871-dbdab6c2","1789330517514226000-14028","dev-preparation-lld-20260913T201251871-dbdab6c2",,,"dev","preparation","linker","lld",,"132e72528e74f93c355aeac362662d00fd33373af4b5eb02f52883463ae1ff72","warm-filesystem","fresh","none","50",,"False",,,"True","True","0","True","7,2179271","7,219028","12,65625","4,015625","16,6875","2,3115992900983344","1569136640","5775945728","1555139","39","2","298198","3205971492","39","2035",,,"18,171875",,"1789330517519","bca75bdfd9528fe3df535befa3769ac573e7835aa1c37bd470681055f390b792","C:\Users\sampo\git\GitComet\target\linker-bench\20260913-main\runs\dev-preparation-lld-20260913T201251871-dbdab6c2\links\1789330517514226000-14028\metrics.json"
"dev-replay-lld-20260913T201933403-d7f0ad6d",,,"replay-20260913T201925804-b27d9ae1-0","1","dev","replay","linker","lld","52d38d7028b73b09ea70576be7fc63f5d29350c857307511ad09abe805f54e6e","132e72528e74f93c355aeac362662d00fd33373af4b5eb02f52883463ae1ff72","warm-filesystem","fresh","none","50","0","False",,"1000","True",,"0","True","4,4665747","4,4665846","10,015625","3,109375","13,125","2,938486825034054","1570234368","4947714048","1352514","37","2","298198","18262","39","2","173348864","870604800","4,28125","0","1789330773427","c8f8911f044de427f3980a32a241d54c43a50f6e8e64b458a77f17edd9b867c4","C:\Users\sampo\git\GitComet\target\linker-bench\20260913-main\runs\dev-replay-lld-20260913T201933403-d7f0ad6d\metrics.json"
"dev-replay-lld-20260913T202428394-1876de85",,,"replay-20260913T202428326-36be907a-0","0","dev","replay","linker","lld","52d38d7028b73b09ea70576be7fc63f5d29350c857307511ad09abe805f54e6e","132e72528e74f93c355aeac362662d00fd33373af4b5eb02f52883463ae1ff72","warm-filesystem","fresh","none","50","0","False",,"1000","True",,"0","True","4,540086","4,5644333","11,125","2,84375","13,96875","3,060347053379003","1574625280","4951322624","1353455","37","2","298198","18262","39","2","173348864","870604800","4,0625","0","1789331068419","33a282f934eebfc9a97f8d088df7020fc64490657a3dd5bce5abeefb07f6bc14","C:\Users\sampo\git\GitComet\target\linker-bench\20260913-main\runs\dev-replay-lld-20260913T202428394-1876de85\metrics.json"
"dev-replay-lld-20260913T202450879-7a2e3299",,,"replay-20260913T202428326-36be907a-1","1","dev","replay","linker","lld","52d38d7028b73b09ea70576be7fc63f5d29350c857307511ad09abe805f54e6e","132e72528e74f93c355aeac362662d00fd33373af4b5eb02f52883463ae1ff72","warm-filesystem","fresh","none","50","0","False",,"1000","True",,"0","True","4,5079304","4,5079538","11,234375","3,59375","14,828125","3,2893249704555534","1572388864","4949262336","1353271","37","2","298198","18262","39","2","173348864","870604800","4,25","0","1789331090905","6097a2fbee6bae1d41208ec036b83bca1ba2673ce9ddcc4a9b56d7aeaffe8e51","C:\Users\sampo\git\GitComet\target\linker-bench\20260913-main\runs\dev-replay-lld-20260913T202450879-7a2e3299\metrics.json"
"dev-replay-lld-20260913T202504133-353666cc",,,"replay-20260913T202428326-36be907a-2","1","dev","replay","linker","lld","52d38d7028b73b09ea70576be7fc63f5d29350c857307511ad09abe805f54e6e","132e72528e74f93c355aeac362662d00fd33373af4b5eb02f52883463ae1ff72","warm-filesystem","fresh","none","50","0","False",,"1000","True",,"0","True","4,5221839","4,5221935","11,765625","3,21875","14,984375","3,313519202572822","1570516992","4947992576","1352725","37","2","298198","18262","39","2","173348864","870604800","3,75","0","1789331104157","04320f2fdbe109a035ba52da885b3f7082bd7c48625d9aefc1bdd264d8883695","C:\Users\sampo\git\GitComet\target\linker-bench\20260913-main\runs\dev-replay-lld-20260913T202504133-353666cc\metrics.json"
"dev-replay-lld-20260913T202517282-b0f29813",,,"replay-20260913T202428326-36be907a-3","1","dev","replay","linker","lld","52d38d7028b73b09ea70576be7fc63f5d29350c857307511ad09abe805f54e6e","132e72528e74f93c355aeac362662d00fd33373af4b5eb02f52883463ae1ff72","warm-filesystem","fresh","none","50","0","False",,"1000","True",,"0","True","4,5273468","4,5421251","11,140625","3,03125","14,171875","3,1200979030718465","1570942976","4948361216","1352971","37","2","298198","18262","39","2","173348864","870604800","4,25","0","1789331117307","98af1bc2c1f968efbc0718e8a8f813d966b7a790a1dcfc6500b0f431f22368f5","C:\Users\sampo\git\GitComet\target\linker-bench\20260913-main\runs\dev-replay-lld-20260913T202517282-b0f29813\metrics.json"
"dev-replay-lld-20260913T202530611-38339a1f",,,"replay-20260913T202428326-36be907a-4","1","dev","replay","linker","lld","52d38d7028b73b09ea70576be7fc63f5d29350c857307511ad09abe805f54e6e","132e72528e74f93c355aeac362662d00fd33373af4b5eb02f52883463ae1ff72","warm-filesystem","fresh","none","50","0","False",,"1000","True",,"0","True","4,5052903","4,5052987","11,0625","3,0625","14,125","3,135197228987281","1572478976","4950032384","1353250","37","2","298198","18262","39","2","173348864","870604800","4,25","0","1789331130641","13e6e76b8936e2ab4c097e5836737a3447dc0aeb6b8dddff1c68ae25f487c752","C:\Users\sampo\git\GitComet\target\linker-bench\20260913-main\runs\dev-replay-lld-20260913T202530611-38339a1f\metrics.json"
"dev-replay-lld-20260913T202536204-f589d016",,,"replay-20260913T202428326-36be907a-5","0","dev","replay","linker","lld","52d38d7028b73b09ea70576be7fc63f5d29350c857307511ad09abe805f54e6e","132e72528e74f93c355aeac362662d00fd33373af4b5eb02f52883463ae1ff72","warm-filesystem","fresh","none","50","0","False",,"1000","True",,"0","True","4,4992677","4,4992668","11,109375","2,765625","13,890625","3,087308581033692","1570680832","4948131840","1352889","37","2","298198","18262","39","2","173348864","870604800","3,875","0","1789331136232","fa209b6ce3d3278992f6dfa44cbb48f0b5069367a0e1e32d0fa771189a5cbdf8","C:\Users\sampo\git\GitComet\target\linker-bench\20260913-main\runs\dev-replay-lld-20260913T202536204-f589d016\metrics.json"
"dev-replay-lld-20260913T202549393-d76dc50c",,,"replay-20260913T202428326-36be907a-6","0","dev","replay","linker","lld","52d38d7028b73b09ea70576be7fc63f5d29350c857307511ad09abe805f54e6e","132e72528e74f93c355aeac362662d00fd33373af4b5eb02f52883463ae1ff72","warm-filesystem","fresh","none","50","0","False",,"1000","True",,"0","True","4,5387347","4,5553437","10,046875","2,703125","12,75","2,798910650803363","1566990336","4944859136","1352070","37","2","298198","18262","39","2","173348864","870604800","4,171875","0","1789331149418","ddc87456ef3788f1d1046273924abf6d32901a37a92725b63bfa541b44e82ad4","C:\Users\sampo\git\GitComet\target\linker-bench\20260913-main\runs\dev-replay-lld-20260913T202549393-d76dc50c\metrics.json"
"dev-replay-lld-20260913T202602705-de8b2042",,,"replay-20260913T202428326-36be907a-7","0","dev","replay","linker","lld","52d38d7028b73b09ea70576be7fc63f5d29350c857307511ad09abe805f54e6e","132e72528e74f93c355aeac362662d00fd33373af4b5eb02f52883463ae1ff72","warm-filesystem","fresh","none","50","0","False",,"1000","True",,"0","True","4,5429582","4,5429764","11,390625","2,890625","14,28125","3,1435888594974872","1573818368","4950495232","1353064","37","2","298198","18262","39","2","173348864","870604800","4,890625","0","1789331162731","7cb6205b72f248e6867f79187702291f02612dc9879feeaed18df32fe10a641b","C:\Users\sampo\git\GitComet\target\linker-bench\20260913-main\runs\dev-replay-lld-20260913T202602705-de8b2042\metrics.json"
"dev-replay-lld-20260913T202623580-f0d494a2",,,"replay-20260913T202428326-36be907a-8","1","dev","replay","linker","lld","52d38d7028b73b09ea70576be7fc63f5d29350c857307511ad09abe805f54e6e","132e72528e74f93c355aeac362662d00fd33373af4b5eb02f52883463ae1ff72","warm-filesystem","fresh","none","50","0","False",,"1000","True",,"0","True","4,4725566","4,4725646","10,15625","3,109375","13,265625","2,9659996414585046","1573871616","4950605824","1353413","37","2","298198","18262","39","2","173348864","870604800","3,890625","0","1789331183607","1af5d5a3ecec5ba66430e6173352720a969eceafd5623ed245f36e5b55315a7e","C:\Users\sampo\git\GitComet\target\linker-bench\20260913-main\runs\dev-replay-lld-20260913T202623580-f0d494a2\metrics.json"
"dev-replay-lld-20260913T202629135-53a16e08",,,"replay-20260913T202428326-36be907a-9","0","dev","replay","linker","lld","52d38d7028b73b09ea70576be7fc63f5d29350c857307511ad09abe805f54e6e","132e72528e74f93c355aeac362662d00fd33373af4b5eb02f52883463ae1ff72","warm-filesystem","fresh","none","50","0","False",,"1000","True",,"0","True","4,5079417","4,5079505","12,09375","2,65625","14,78125","3,278929083183145","1571872768","4949209088","1352959","37","2","298198","18262","39","2","173348864","870604800","3,640625","0","1789331189159","d1633dbe5a8a500746fa7db163a63e7f0815f274cb44742598f2b474054bc839","C:\Users\sampo\git\GitComet\target\linker-bench\20260913-main\runs\dev-replay-lld-20260913T202629135-53a16e08\metrics.json"
"dev-replay-msvc-20260913T201925853-0ed74e82",,,"replay-20260913T201925804-b27d9ae1-0","0","dev","replay","linker","msvc","52d38d7028b73b09ea70576be7fc63f5d29350c857307511ad09abe805f54e6e","132e72528e74f93c355aeac362662d00fd33373af4b5eb02f52883463ae1ff72","warm-filesystem","fresh","none","50","0","False",,"1000","True",,"0","True","5,5863685","6,5881302999999996","7,46875","4,96875","12,84375","1,9495288367323276","3027324928","5482065920","1913708","38","4","3184525522","775118183","7532","22217","173351424","778432512","5,546875","0","1789330765876","16eb8606184456d035e66fd9d147cd6efca3ca09f71e1e7f01cb15654f757fb1","C:\Users\sampo\git\GitComet\target\linker-bench\20260913-main\runs\dev-replay-msvc-20260913T201925853-0ed74e82\metrics.json"
"dev-replay-msvc-20260913T202434048-e07b015b",,,"replay-20260913T202428326-36be907a-0","1","dev","replay","linker","msvc","52d38d7028b73b09ea70576be7fc63f5d29350c857307511ad09abe805f54e6e","132e72528e74f93c355aeac362662d00fd33373af4b5eb02f52883463ae1ff72","warm-filesystem","fresh","none","50","0","False",,"1000","True",,"0","True","5,6342096999999995","6,6367792","8,125","4,34375","12,890625","1,9423013198932397","3019939840","5418131456","1928804","38","4","3184524650","775089997","7531","22218","173351424","778432512","8,78125","0","1789331074074","9e8fbca45fb3767bbbb0f149e5e5023a4b69633da606e1df34d5ae04116cbf10","C:\Users\sampo\git\GitComet\target\linker-bench\20260913-main\runs\dev-replay-msvc-20260913T202434048-e07b015b\metrics.json"
"dev-replay-msvc-20260913T202443188-c7f03037",,,"replay-20260913T202428326-36be907a-1","0","dev","replay","linker","msvc","52d38d7028b73b09ea70576be7fc63f5d29350c857307511ad09abe805f54e6e","132e72528e74f93c355aeac362662d00fd33373af4b5eb02f52883463ae1ff72","warm-filesystem","fresh","none","50","0","False",,"1000","True",,"0","True","5,7150075000000005","6,7176947","9,078125","4,375","13,921875","2,072418533697282","3018780672","5442129920","1906085","38","4","3184525522","775117523","7532","22219","173351424","778440704","6,125","0","1789331083213","b98604f4335681e2b5ded54f6872e08568dfd05cad1769f0143d49438bce6e41","C:\Users\sampo\git\GitComet\target\linker-bench\20260913-main\runs\dev-replay-msvc-20260913T202443188-c7f03037\metrics.json"
"dev-replay-msvc-20260913T202456490-b912341d",,,"replay-20260913T202428326-36be907a-2","0","dev","replay","linker","msvc","52d38d7028b73b09ea70576be7fc63f5d29350c857307511ad09abe805f54e6e","132e72528e74f93c355aeac362662d00fd33373af4b5eb02f52883463ae1ff72","warm-filesystem","fresh","none","50","0","False",,"1000","True",,"0","True","5,683184","6,6854752","8,546875","4,046875","13,0625","1,953862606505518","3022684160","5451153408","1915181","38","4","3184525522","775089791","7532","22222","173351424","778440704","6,09375","0","1789331096522","1443f5fb148633fd75cbd1936b872884a120e8bebebfde24a95c1bef572f695e","C:\Users\sampo\git\GitComet\target\linker-bench\20260913-main\runs\dev-replay-msvc-20260913T202456490-b912341d\metrics.json"
"dev-replay-msvc-20260913T202509728-beec6a6d",,,"replay-20260913T202428326-36be907a-3","0","dev","replay","linker","msvc","52d38d7028b73b09ea70576be7fc63f5d29350c857307511ad09abe805f54e6e","132e72528e74f93c355aeac362662d00fd33373af4b5eb02f52883463ae1ff72","warm-filesystem","fresh","none","50","0","False",,"1000","True",,"0","True","5,5892962","6,5916695","7,90625","4,53125","12,859375","1,950852511643674","3023630336","5465681920","1916943","38","4","3184525522","775090173","7532","22223","173351424","778440704","5,203125","0","1789331109755","89cfa078a9396e629e7a48829d7432aff5936776b7f855ea3a656b65fd6c6024","C:\Users\sampo\git\GitComet\target\linker-bench\20260913-main\runs\dev-replay-msvc-20260913T202509728-beec6a6d\metrics.json"
"dev-replay-msvc-20260913T202522915-c3c3d3bf",,,"replay-20260913T202428326-36be907a-4","0","dev","replay","linker","msvc","52d38d7028b73b09ea70576be7fc63f5d29350c857307511ad09abe805f54e6e","132e72528e74f93c355aeac362662d00fd33373af4b5eb02f52883463ae1ff72","warm-filesystem","fresh","none","50","0","False",,"1000","True",,"0","True","5,7079915","6,710695","8,53125","4,265625","13,203125","1,967475052882004","3028140032","5484916736","1915391","38","4","3184525522","775090105","7532","22222","173351424","778432512","5,765625","0","1789331122941","4340e0969e7dfa289dbb215d69e5502d62ba63e0f1927e06b86938a62452fa28","C:\Users\sampo\git\GitComet\target\linker-bench\20260913-main\runs\dev-replay-msvc-20260913T202522915-c3c3d3bf\metrics.json"
"dev-replay-msvc-20260913T202541786-e4adf75a",,,"replay-20260913T202428326-36be907a-5","1","dev","replay","linker","msvc","52d38d7028b73b09ea70576be7fc63f5d29350c857307511ad09abe805f54e6e","132e72528e74f93c355aeac362662d00fd33373af4b5eb02f52883463ae1ff72","warm-filesystem","fresh","none","50","0","False",,"1000","True",,"0","True","5,6433619","6,6456098","8,4375","4,53125","13,375","2,0126068792061793","3019284480","5441232896","1904707","38","4","3184525522","775090011","7532","22217","173351424","778440704","5,75","0","1789331141812","eb76b0bc120e122b68d4d94061b84d00a540b4d5d3fdf74b4dad87782d0cebed","C:\Users\sampo\git\GitComet\target\linker-bench\20260913-main\runs\dev-replay-msvc-20260913T202541786-e4adf75a\metrics.json"
"dev-replay-msvc-20260913T202555021-0a265ac4",,,"replay-20260913T202428326-36be907a-6","1","dev","replay","linker","msvc","52d38d7028b73b09ea70576be7fc63f5d29350c857307511ad09abe805f54e6e","132e72528e74f93c355aeac362662d00fd33373af4b5eb02f52883463ae1ff72","warm-filesystem","fresh","none","50","0","False",,"1000","True",,"0","True","5,7146901","6,7163427","7,703125","4,296875","12,40625","1,84717346242621","3030933504","5407682560","1935348","38","4","3184525522","775089755","7532","22222","173351424","778440704","5,90625","0","1789331155047","9ffcc43c677e07e414d804b0bccd2f3217c224a4ee47213cb48fb9fd089eb1f8","C:\Users\sampo\git\GitComet\target\linker-bench\20260913-main\runs\dev-replay-msvc-20260913T202555021-0a265ac4\metrics.json"
"dev-replay-msvc-20260913T202608334-af8df07f",,,"replay-20260913T202428326-36be907a-7","1","dev","replay","linker","msvc","52d38d7028b73b09ea70576be7fc63f5d29350c857307511ad09abe805f54e6e","132e72528e74f93c355aeac362662d00fd33373af4b5eb02f52883463ae1ff72","warm-filesystem","fresh","none","50","0","False",,"1000","True",,"0","True","5,6297523","6,6325207","8,984375","4,1875","13,59375","2,049560131791221","3033124864","5412147200","1935271","38","4","3184525522","775090067","7532","22218","173351424","778440704","5,53125","0","1789331168358","a0c1ec0c7b3dc1818356870193b48d2fe37beed6621f4df886930e3a96df80ec","C:\Users\sampo\git\GitComet\target\linker-bench\20260913-main\runs\dev-replay-msvc-20260913T202608334-af8df07f\metrics.json"
"dev-replay-msvc-20260913T202615913-803339f6",,,"replay-20260913T202428326-36be907a-8","0","dev","replay","linker","msvc","52d38d7028b73b09ea70576be7fc63f5d29350c857307511ad09abe805f54e6e","132e72528e74f93c355aeac362662d00fd33373af4b5eb02f52883463ae1ff72","warm-filesystem","fresh","none","50","0","False",,"1000","True",,"0","True","5,7104854","6,7131411","8,078125","4,59375","13,09375","1,9504654832891863","3031650304","5425901568","1949209","38","4","3184525522","775118941","7532","22218","173351424","778440704","5,484375","0","1789331175940","6bd668756ab39f3e467c72a9f059f4c6eb212156fd0be8e756da0959d484ec63","C:\Users\sampo\git\GitComet\target\linker-bench\20260913-main\runs\dev-replay-msvc-20260913T202615913-803339f6\metrics.json"
"dev-replay-msvc-20260913T202634708-e5a3c257",,,"replay-20260913T202428326-36be907a-9","1","dev","replay","linker","msvc","52d38d7028b73b09ea70576be7fc63f5d29350c857307511ad09abe805f54e6e","132e72528e74f93c355aeac362662d00fd33373af4b5eb02f52883463ae1ff72","warm-filesystem","fresh","none","50","0","False",,"1000","True",,"0","True","5,7362919","6,7385553","8,625","4,859375","13,890625","2,061365438375196","3026882560","5419507712","1922836","38","4","3184525522","775090957","7532","22222","173351424","778440704","7,9375","0","1789331194733","7834916093765cdc0fa815ea44f6c0b234441744e511bcb7fb1548b205479116","C:\Users\sampo\git\GitComet\target\linker-bench\20260913-main\runs\dev-replay-msvc-20260913T202634708-e5a3c257\metrics.json"
"dev-warmup-lld-20260913T202401857-06a474cc",,,"","0","dev","warmup","linker","lld","52d38d7028b73b09ea70576be7fc63f5d29350c857307511ad09abe805f54e6e","132e72528e74f93c355aeac362662d00fd33373af4b5eb02f52883463ae1ff72","warm-filesystem","fresh","none","50","0","True",,"1000","True",,"0","True","4,5019347","4,5019439","12,203125","2,671875","14,890625","3,3075989685255744","1572352000","4949565440","1353530","37","2","298198","18262","39","2","173348864","870604800","4,25","0","1789331041886","3ec28a8d66cb9d415adea33731561f19b571abb482b582c5480a449567c55054","C:\Users\sampo\git\GitComet\target\linker-bench\20260913-main\runs\dev-warmup-lld-20260913T202401857-06a474cc\metrics.json"
"dev-warmup-lld-20260913T202415075-21ff51d9",,,"","0","dev","warmup","linker","lld","52d38d7028b73b09ea70576be7fc63f5d29350c857307511ad09abe805f54e6e","132e72528e74f93c355aeac362662d00fd33373af4b5eb02f52883463ae1ff72","warm-filesystem","fresh","none","50","0","True",,"1000","True",,"0","True","4,5572934","4,5709532","10,890625","2,828125","13,71875","3,001288659004428","1572986880","4950417408","1353333","37","2","298198","18262","39","2","173348864","870604800","4,5","0","1789331055100","7b64f8529210c17952600fa5115b70d94c4d892310a5e708775c92ba53735a20","C:\Users\sampo\git\GitComet\target\linker-bench\20260913-main\runs\dev-warmup-lld-20260913T202415075-21ff51d9\metrics.json"
"dev-warmup-msvc-20260913T202407454-b2a363a8",,,"","0","dev","warmup","linker","msvc","52d38d7028b73b09ea70576be7fc63f5d29350c857307511ad09abe805f54e6e","132e72528e74f93c355aeac362662d00fd33373af4b5eb02f52883463ae1ff72","warm-filesystem","fresh","none","50","0","True",,"1000","True",,"0","True","5,6499508","6,6597451","8,65625","4,421875","13,546875","2,0341431686326854","3028275200","5488676864","1922682","38","4","3184525522","775090503","7532","22225","173351424","778440704","5,421875","0","1789331047479","fdc5c5f7a6bd7fdf8c704b5b164e68b9a5f22070d3ebb3fa89421633b0ead441","C:\Users\sampo\git\GitComet\target\linker-bench\20260913-main\runs\dev-warmup-msvc-20260913T202407454-b2a363a8\metrics.json"
"dev-warmup-msvc-20260913T202420731-4b5ee973",,,"","0","dev","warmup","linker","msvc","52d38d7028b73b09ea70576be7fc63f5d29350c857307511ad09abe805f54e6e","132e72528e74f93c355aeac362662d00fd33373af4b5eb02f52883463ae1ff72","warm-filesystem","fresh","none","50","0","True",,"1000","True",,"0","True","5,6791864","6,6816417","8,46875","5,453125","14,359375","2,149078870840979","3023163392","5413834752","1934519","38","4","3184525522","775088541","7532","22218","173351424","778440704","5,609375","0","1789331060758","d38a3a7501e2dd54978a90ada5efcb796fb05deeca138f13675bef050afa5ea5","C:\Users\sampo\git\GitComet\target\linker-bench\20260913-main\runs\dev-warmup-msvc-20260913T202420731-4b5ee973\metrics.json"
"shipping-release-calibration-warmup-msvc-20260913T204738930-ec69a39e",,,"","0","shipping-release","calibration-warmup","linker","msvc","163790c6460b6cb937c13e5b3554a1ad9338f2e5c63a87d9661854b463f07461","132e72528e74f93c355aeac362662d00fd33373af4b5eb02f52883463ae1ff72","warm-filesystem","fresh","none","50","0","True","914e490657920fadfb7089b77c6946ede51a7a1881a94901eb74b6c134ee435b","10","True",,"1181","True","0,0292887","0,0329028","0,015625","0","0,03125","0,9497671930656356","10072064","1978368","4608","1","2","144846","230","40","1",,,"0,078125",,"1789332458970","4fef05ffb0148290d79be268fe1092f067b09dd6a021364754273378a51e89a7","C:\Users\sampo\git\GitComet\target\linker-bench\20260913-main\runs\shipping-release-calibration-warmup-msvc-20260913T204738930-ec69a39e\metrics.json"
,,,,,"shipping-release","compatibility-probe","linker","msvc",,,,,,"50",,"True",,"10",,,"1181","True","0,049825","0,0511542","0,015625","0,015625","0,046875","0,9163470448174345","10027008","1982464","4770","1","2","257772","59","65","1",,,"0,140625",,"1789362059333","f5251bf2d4fb1110bd533ad21619cf16835d97f29db3e7f8dd92d94284b31525","C:\Users\sampo\git\GitComet\target\linker-bench\20260913-main\runs\shipping-release-path-compatibility-probe\metrics.json"
"shipping-release-preflight-lld-20260914T050332417-9f2879b9",,,"","0","shipping-release","preflight","linker","lld","edc69408b4b4669750cbfc0d0d7a7c73a80d4c1b1998965abaabddb19f92a129","132e72528e74f93c355aeac362662d00fd33373af4b5eb02f52883463ae1ff72","warm-filesystem","fresh","none","50","0","True","914e490657920fadfb7089b77c6946ede51a7a1881a94901eb74b6c134ee435b","10","True",,"0","True","1,0184824","1,0185003","1,140625","0,828125","1,984375","1,9483303048609806","109592576","630841344","168776","37","2","214097","18262","26","2","114967040","131092480","1,359375","0","1789362212435","e8212938a3ebf4fc65bc41258bdd3ce0bb6005672b09741958decc0d3738c418","C:\Users\sampo\git\GitComet\target\linker-bench\20260913-main\runs\shipping-release-preflight-lld-20260914T050332417-9f2879b9\metrics.json"
"shipping-release-preflight-msvc-20260914T050330643-5c86b037",,,"","0","shipping-release","preflight","linker","msvc","edc69408b4b4669750cbfc0d0d7a7c73a80d4c1b1998965abaabddb19f92a129","132e72528e74f93c355aeac362662d00fd33373af4b5eb02f52883463ae1ff72","warm-filesystem","fresh","none","50","0","True","914e490657920fadfb7089b77c6946ede51a7a1881a94901eb74b6c134ee435b","10","True",,"0","True","1,2840873","1,2971298","1,046875","0,40625","1,765625","1,3611783493062914","794779648","877391872","433734","19","4","327955858","130258694","1391","1537","114972160","130969600","2,21875","0","1789362210686","cf78bdf2cb771a28bdd87a69a83e80cd0261e1d5d1ab0d0e20f1799e02658947","C:\Users\sampo\git\GitComet\target\linker-bench\20260913-main\runs\shipping-release-preflight-msvc-20260914T050330643-5c86b037\metrics.json"
"shipping-release-preparation-lld-20260913T203428363-6fe55abc","1789331669789286700-25516","shipping-release-preparation-lld-20260913T203428363-6fe55abc",,,"shipping-release","preparation","linker","lld",,"132e72528e74f93c355aeac362662d00fd33373af4b5eb02f52883463ae1ff72","warm-filesystem","fresh","none","50",,"False","914e490657920fadfb7089b77c6946ede51a7a1881a94901eb74b6c134ee435b","10","False","False","0","True","0,1278217","0,1297717","0,0625","0,078125","0,140625","1,0836337968910017","12730368","1986560","9189","1","2","43150","0","10","0",,,"3,828125",,"1789331669792","59a2e75d08fe4724310a33ed1744e9feb3ae804016b8412d2d50f262da165920","C:\Users\sampo\git\GitComet\target\linker-bench\20260913-main\runs\shipping-release-preparation-lld-20260913T203428363-6fe55abc\links\1789331669789286700-25516\metrics.json"
"shipping-release-preparation-lld-20260913T203428363-6fe55abc","1789331669846050500-27512","shipping-release-preparation-lld-20260913T203428363-6fe55abc",,,"shipping-release","preparation","linker","lld",,"132e72528e74f93c355aeac362662d00fd33373af4b5eb02f52883463ae1ff72","warm-filesystem","fresh","none","50",,"False","914e490657920fadfb7089b77c6946ede51a7a1881a94901eb74b6c134ee435b","10","False","False","0","True","0,1546631","0,1584472","0,09375","0,015625","0,125","0,7889063359907905","13553664","8167424","9598","1","2","43126","0","10","0",,,"5,75",,"1789331669848","a1fc8f04f81e2b61b3bb271d6a28c188db124c324a0cb203e4bdf1bb8fd58704","C:\Users\sampo\git\GitComet\target\linker-bench\20260913-main\runs\shipping-release-preparation-lld-20260913T203428363-6fe55abc\links\1789331669846050500-27512\metrics.json"
"shipping-release-preparation-lld-20260913T203428363-6fe55abc","1789331669925569600-3236","shipping-release-preparation-lld-20260913T203428363-6fe55abc",,,"shipping-release","preparation","linker","lld",,"132e72528e74f93c355aeac362662d00fd33373af4b5eb02f52883463ae1ff72","warm-filesystem","fresh","none","50",,"False","914e490657920fadfb7089b77c6946ede51a7a1881a94901eb74b6c134ee435b","10","False","False","0","True","0,1940696","0,2492528","0,078125","0,140625","0,25","1,002997759704204","13889536","28053504","9675","2","2","43138","0","10","0",,,"7,515625",,"1789331669928","5f86e037ec179b9f57fcbe64d3456d7d0553cfb45d497a2e1a3f4cfc9413d0e3","C:\Users\sampo\git\GitComet\target\linker-bench\20260913-main\runs\shipping-release-preparation-lld-20260913T203428363-6fe55abc\links\1789331669925569600-3236\metrics.json"
"shipping-release-preparation-lld-20260913T203428363-6fe55abc","1789331669935122200-22304","shipping-release-preparation-lld-20260913T203428363-6fe55abc",,,"shipping-release","preparation","linker","lld",,"132e72528e74f93c355aeac362662d00fd33373af4b5eb02f52883463ae1ff72","warm-filesystem","fresh","none","50",,"False","914e490657920fadfb7089b77c6946ede51a7a1881a94901eb74b6c134ee435b","10","False","False","0","True","0,1912742","0,2486077","0,03125","0,046875","0,109375","0,4399501704894901","13238272","26488832","9254","38","2","43130","0","10","0",,,"7,375",,"1789331669937","92be99068fa26b38b3a9146ee647eacdc6d0e9771a8855e6f70c1124d82f785d","C:\Users\sampo\git\GitComet\target\linker-bench\20260913-main\runs\shipping-release-preparation-lld-20260913T203428363-6fe55abc\links\1789331669935122200-22304\metrics.json"
"shipping-release-preparation-lld-20260913T203428363-6fe55abc","1789331669945444500-6888","shipping-release-preparation-lld-20260913T203428363-6fe55abc",,,"shipping-release","preparation","linker","lld",,"132e72528e74f93c355aeac362662d00fd33373af4b5eb02f52883463ae1ff72","warm-filesystem","fresh","none","50",,"False","914e490657920fadfb7089b77c6946ede51a7a1881a94901eb74b6c134ee435b","10","False","False","0","True","0,1722943","0,1787482","0,03125","0,046875","0,09375","0,5244808059605636","13639680","8724480","9658","1","2","43130","0","10","0",,,"5,46875",,"1789331669950","189b8faa607894c230930c167bcd5ce8e2dd983465a0a4e47bc6d0394aa1a83c","C:\Users\sampo\git\GitComet\target\linker-bench\20260913-main\runs\shipping-release-preparation-lld-20260913T203428363-6fe55abc\links\1789331669945444500-6888\metrics.json"
"shipping-release-preparation-lld-20260913T203428363-6fe55abc","1789331669956385800-19328","shipping-release-preparation-lld-20260913T203428363-6fe55abc",,,"shipping-release","preparation","linker","lld",,"132e72528e74f93c355aeac362662d00fd33373af4b5eb02f52883463ae1ff72","warm-filesystem","fresh","none","50",,"False","914e490657920fadfb7089b77c6946ede51a7a1881a94901eb74b6c134ee435b","10","False","False","0","True","0,1693329","0,2141919","0,015625","0,046875","0,0625","0,29179441426123026","13615104","26996736","9428","38","2","43142","0","10","0",,,"6,3125",,"1789331669962","4d080cc26ed4ae7438d161a70f1a9d825599f3f35b374dc7a51783ba864e6c79","C:\Users\sampo\git\GitComet\target\linker-bench\20260913-main\runs\shipping-release-preparation-lld-20260913T203428363-6fe55abc\links\1789331669956385800-19328\metrics.json"
"shipping-release-preparation-lld-20260913T203428363-6fe55abc","1789331669979710100-30380","shipping-release-preparation-lld-20260913T203428363-6fe55abc",,,"shipping-release","preparation","linker","lld",,"132e72528e74f93c355aeac362662d00fd33373af4b5eb02f52883463ae1ff72","warm-filesystem","fresh","none","50",,"False","914e490657920fadfb7089b77c6946ede51a7a1881a94901eb74b6c134ee435b","10","False","False","0","True","0,2468831","0,247015","0,046875","0,078125","0,109375","0,4427868752909742","14950400","28364800","9793","55","2","43134","0","10","0",,,"7,015625",,"1789331669982","372736edf3fa7f3b9cb71c61c850acb7a5ab33b5352c5be8fe51bec47a709971","C:\Users\sampo\git\GitComet\target\linker-bench\20260913-main\runs\shipping-release-preparation-lld-20260913T203428363-6fe55abc\links\1789331669979710100-30380\metrics.json"
"shipping-release-preparation-lld-20260913T203428363-6fe55abc","1789331669997955700-27344","shipping-release-preparation-lld-20260913T203428363-6fe55abc",,,"shipping-release","preparation","linker","lld",,"132e72528e74f93c355aeac362662d00fd33373af4b5eb02f52883463ae1ff72","warm-filesystem","fresh","none","50",,"False","914e490657920fadfb7089b77c6946ede51a7a1881a94901eb74b6c134ee435b","10","False","False","0","True","0,2541585","0,2954028","0,046875","0,109375","0,1875","0,6347265496467873","13524992","20066304","9492","7","2","43146","0","10","0",,,"9,015625",,"1789331670034","37e7438c759c6f2ba7c0f6310bdc06bdb410b58814e8891a20cc72de0d6fffec","C:\Users\sampo\git\GitComet\target\linker-bench\20260913-main\runs\shipping-release-preparation-lld-20260913T203428363-6fe55abc\links\1789331669997955700-27344\metrics.json"
"shipping-release-preparation-lld-20260913T203428363-6fe55abc","1789331670127533700-25428","shipping-release-preparation-lld-20260913T203428363-6fe55abc",,,"shipping-release","preparation","linker","lld",,"132e72528e74f93c355aeac362662d00fd33373af4b5eb02f52883463ae1ff72","warm-filesystem","fresh","none","50",,"False","914e490657920fadfb7089b77c6946ede51a7a1881a94901eb74b6c134ee435b","10","False","False","0","True","0,2357012","0,305376","0,03125","0,125","0,15625","0,5116643089175312","14049280","28053504","9832","1","2","43134","0","10","0",,,"8,96875",,"1789331670145","b3a51afa73f2a7589c9e5de75820f234abc18720f4103d9012f76e045e264ac3","C:\Users\sampo\git\GitComet\target\linker-bench\20260913-main\runs\shipping-release-preparation-lld-20260913T203428363-6fe55abc\links\1789331670127533700-25428\metrics.json"
"shipping-release-preparation-lld-20260913T203428363-6fe55abc","1789331670250505200-29844","shipping-release-preparation-lld-20260913T203428363-6fe55abc",,,"shipping-release","preparation","linker","lld",,"132e72528e74f93c355aeac362662d00fd33373af4b5eb02f52883463ae1ff72","warm-filesystem","fresh","none","50",,"False","914e490657920fadfb7089b77c6946ede51a7a1881a94901eb74b6c134ee435b","10","False","False","0","True","0,1498526","0,2279182","0,046875","0,109375","0,171875","0,7541082721783517","14008320","29712384","9693","1","2","43126","0","10","0",,,"7,140625",,"1789331670253","b29bc03a102202494a706b7b0d7f4443b341f336c74d551555125d14443c8c2a","C:\Users\sampo\git\GitComet\target\linker-bench\20260913-main\runs\shipping-release-preparation-lld-20260913T203428363-6fe55abc\links\1789331670250505200-29844\metrics.json"
"shipping-release-preparation-lld-20260913T203428363-6fe55abc","1789331670254525400-11084","shipping-release-preparation-lld-20260913T203428363-6fe55abc",,,"shipping-release","preparation","linker","lld",,"132e72528e74f93c355aeac362662d00fd33373af4b5eb02f52883463ae1ff72","warm-filesystem","fresh","none","50",,"False","914e490657920fadfb7089b77c6946ede51a7a1881a94901eb74b6c134ee435b","10","False","False","0","True","0,2145567","0,2163496","0,03125","0,140625","0,171875","0,7944317900287312","13877248","23617536","9686","40","2","43126","0","10","0",,,"6,78125",,"1789331670257","5b5f6f7c758d85eadb92caa55bdb1f2cb2bab7a0eb9cc1ece50f006fab27dda1","C:\Users\sampo\git\GitComet\target\linker-bench\20260913-main\runs\shipping-release-preparation-lld-20260913T203428363-6fe55abc\links\1789331670254525400-11084\metrics.json"
"shipping-release-preparation-lld-20260913T203428363-6fe55abc","1789331670255690600-3244","shipping-release-preparation-lld-20260913T203428363-6fe55abc",,,"shipping-release","preparation","linker","lld",,"132e72528e74f93c355aeac362662d00fd33373af4b5eb02f52883463ae1ff72","warm-filesystem","fresh","none","50",,"False","914e490657920fadfb7089b77c6946ede51a7a1881a94901eb74b6c134ee435b","10","False","False","0","True","0,1748729","0,2226331","0,09375","0,078125","0,21875","0,9825582988333721","13238272","28475392","9639","38","2","43138","0","10","0",,,"6,921875",,"1789331670258","d5a521b42f8832988ac176991820c0c6413abd6cc9f151cbd80434457fec14db","C:\Users\sampo\git\GitComet\target\linker-bench\20260913-main\runs\shipping-release-preparation-lld-20260913T203428363-6fe55abc\links\1789331670255690600-3244\metrics.json"
"shipping-release-preparation-lld-20260913T203428363-6fe55abc","1789331670259584600-29852","shipping-release-preparation-lld-20260913T203428363-6fe55abc",,,"shipping-release","preparation","linker","lld",,"132e72528e74f93c355aeac362662d00fd33373af4b5eb02f52883463ae1ff72","warm-filesystem","fresh","none","50",,"False","914e490657920fadfb7089b77c6946ede51a7a1881a94901eb74b6c134ee435b","10","False","False","0","True","0,1432449","0,1459102","0,0625","0,03125","0,109375","0,7496048939690303","13578240","8884224","9489","1","2","43122","0","10","0",,,"4,796875",,"1789331670261","7069a34b4caede009a22d880f1c9f26425c8c74ea84c36cc07dd687de658f59a","C:\Users\sampo\git\GitComet\target\linker-bench\20260913-main\runs\shipping-release-preparation-lld-20260913T203428363-6fe55abc\links\1789331670259584600-29852\metrics.json"
"shipping-release-preparation-lld-20260913T203428363-6fe55abc","1789331670434733000-9712","shipping-release-preparation-lld-20260913T203428363-6fe55abc",,,"shipping-release","preparation","linker","lld",,"132e72528e74f93c355aeac362662d00fd33373af4b5eb02f52883463ae1ff72","warm-filesystem","fresh","none","50",,"False","914e490657920fadfb7089b77c6946ede51a7a1881a94901eb74b6c134ee435b","10","False","False","0","True","0,1816976","0,2526881","0,078125","0,125","0,21875","0,8656917361759418","14065664","28082176","9976","40","2","54119","0","11","0",,,"7,96875",,"1789331670437","b22fd7ef98cc2542cc4b21dac08173352180fe82d8c4a0376372a4eb6b02a16d","C:\Users\sampo\git\GitComet\target\linker-bench\20260913-main\runs\shipping-release-preparation-lld-20260913T203428363-6fe55abc\links\1789331670434733000-9712\metrics.json"
"shipping-release-preparation-lld-20260913T203428363-6fe55abc","1789331670701590300-31584","shipping-release-preparation-lld-20260913T203428363-6fe55abc",,,"shipping-release","preparation","linker","lld",,"132e72528e74f93c355aeac362662d00fd33373af4b5eb02f52883463ae1ff72","warm-filesystem","fresh","none","50",,"False","914e490657920fadfb7089b77c6946ede51a7a1881a94901eb74b6c134ee435b","10","False","False","0","True","0,2242514","0,23765","0,046875","0,03125","0,109375","0,46023564064801176","12697600","21803008","9256","40","2","43150","0","10","0",,,"7,390625",,"1789331670704","f4b75b42ade571b34a437bb3561a2c032b1921fa7b54fca0bdae0ca782afa916","C:\Users\sampo\git\GitComet\target\linker-bench\20260913-main\runs\shipping-release-preparation-lld-20260913T203428363-6fe55abc\links\1789331670701590300-31584\metrics.json"
"shipping-release-preparation-lld-20260913T203428363-6fe55abc","1789331670712495300-2772","shipping-release-preparation-lld-20260913T203428363-6fe55abc",,,"shipping-release","preparation","linker","lld",,"132e72528e74f93c355aeac362662d00fd33373af4b5eb02f52883463ae1ff72","warm-filesystem","fresh","none","50",,"False","914e490657920fadfb7089b77c6946ede51a7a1881a94901eb74b6c134ee435b","10","False","False","0","True","0,2804419","0,3033406","0,015625","0,046875","0,078125","0,2575487752051654","14733312","23748608","10186","38","2","54182","0","11","0",,,"10,6875",,"1789331670756","da9662c474d8dc2dcc09d6b3cffd5cb35be1d79ace4777df3210fc977d251937","C:\Users\sampo\git\GitComet\target\linker-bench\20260913-main\runs\shipping-release-preparation-lld-20260913T203428363-6fe55abc\links\1789331670712495300-2772\metrics.json"
"shipping-release-preparation-lld-20260913T203428363-6fe55abc","1789331670732071200-25420","shipping-release-preparation-lld-20260913T203428363-6fe55abc",,,"shipping-release","preparation","linker","lld",,"132e72528e74f93c355aeac362662d00fd33373af4b5eb02f52883463ae1ff72","warm-filesystem","fresh","none","50",,"False","914e490657920fadfb7089b77c6946ede51a7a1881a94901eb74b6c134ee435b","10","False","False","0","True","0,2195461","0,3196746","0,015625","0,203125","0,25","0,7820452422557188","12845056","26255360","9335","38","2","43142","0","10","0",,,"10,171875",,"1789331670734","c7f14d6936c3b2a36f92501cf24ebcc4b14a060c125024a41ad054a4a33cc291","C:\Users\sampo\git\GitComet\target\linker-bench\20260913-main\runs\shipping-release-preparation-lld-20260913T203428363-6fe55abc\links\1789331670732071200-25420\metrics.json"
"shipping-release-preparation-lld-20260913T203428363-6fe55abc","1789331670781120500-13696","shipping-release-preparation-lld-20260913T203428363-6fe55abc",,,"shipping-release","preparation","linker","lld",,"132e72528e74f93c355aeac362662d00fd33373af4b5eb02f52883463ae1ff72","warm-filesystem","fresh","none","50",,"False","914e490657920fadfb7089b77c6946ede51a7a1881a94901eb74b6c134ee435b","10","False","False","0","True","0,2479488","0,2715887","0,015625","0,09375","0,109375","0,40272294097655753","13639680","22302720","9770","7","2","43126","0","10","0",,,"8,828125",,"1789331670783","6fdb26c7bf8f0c735d9265240dd8fe5c47eebfa2fbcc50e895c23814a2c894ca","C:\Users\sampo\git\GitComet\target\linker-bench\20260913-main\runs\shipping-release-preparation-lld-20260913T203428363-6fe55abc\links\1789331670781120500-13696\metrics.json"
"shipping-release-preparation-lld-20260913T203428363-6fe55abc","1789331670803273600-24588","shipping-release-preparation-lld-20260913T203428363-6fe55abc",,,"shipping-release","preparation","linker","lld",,"132e72528e74f93c355aeac362662d00fd33373af4b5eb02f52883463ae1ff72","warm-filesystem","fresh","none","50",,"False","914e490657920fadfb7089b77c6946ede51a7a1881a94901eb74b6c134ee435b","10","False","False","0","True","0,1979","0,2308353","0,046875","0,046875","0,109375","0,4738226779006504","13615104","27172864","9646","38","2","43122","0","10","0",,,"7,84375",,"1789331670829","01eae1611f2c0471cacdf3adb61a1f65699a3085b54fed09a1ba874861ed84ff","C:\Users\sampo\git\GitComet\target\linker-bench\20260913-main\runs\shipping-release-preparation-lld-20260913T203428363-6fe55abc\links\1789331670803273600-24588\metrics.json"
"shipping-release-preparation-lld-20260913T203428363-6fe55abc","1789331670814476500-5036","shipping-release-preparation-lld-20260913T203428363-6fe55abc",,,"shipping-release","preparation","linker","lld",,"132e72528e74f93c355aeac362662d00fd33373af4b5eb02f52883463ae1ff72","warm-filesystem","fresh","none","50",,"False","914e490657920fadfb7089b77c6946ede51a7a1881a94901eb74b6c134ee435b","10","False","False","0","True","0,1725982","0,2206909","0,015625","0,078125","0,09375","0,42480229134957537","13537280","27430912","9775","39","2","43134","0","10","0",,,"7,40625",,"1789331670839","3cd2ba9f5bdf6af897b224cff64f58dffbba2eefecf9974c4236f54fe503dd1a","C:\Users\sampo\git\GitComet\target\linker-bench\20260913-main\runs\shipping-release-preparation-lld-20260913T203428363-6fe55abc\links\1789331670814476500-5036\metrics.json"
"shipping-release-preparation-lld-20260913T203428363-6fe55abc","1789331670832304400-25224","shipping-release-preparation-lld-20260913T203428363-6fe55abc",,,"shipping-release","preparation","linker","lld",,"132e72528e74f93c355aeac362662d00fd33373af4b5eb02f52883463ae1ff72","warm-filesystem","fresh","none","50",,"False","914e490657920fadfb7089b77c6946ede51a7a1881a94901eb74b6c134ee435b","10","False","False","0","True","0,2089885","0,2624953","0,03125","0,03125","0,09375","0,3571492518151754","12947456","26144768","9265","40","2","43142","0","10","0",,,"8,40625",,"1789331670834","608d84389b241d72d09ff6293615a05e980b1ac855647240a7d907d509f4100a","C:\Users\sampo\git\GitComet\target\linker-bench\20260913-main\runs\shipping-release-preparation-lld-20260913T203428363-6fe55abc\links\1789331670832304400-25224\metrics.json"
"shipping-release-preparation-lld-20260913T203428363-6fe55abc","1789331671096379800-31544","shipping-release-preparation-lld-20260913T203428363-6fe55abc",,,"shipping-release","preparation","linker","lld",,"132e72528e74f93c355aeac362662d00fd33373af4b5eb02f52883463ae1ff72","warm-filesystem","fresh","none","50",,"False","914e490657920fadfb7089b77c6946ede51a7a1881a94901eb74b6c134ee435b","10","False","False","0","True","0,1978345","0,2609653","0,015625","0,09375","0,109375","0,419117024370673","13053952","25866240","9142","39","2","53710","0","11","0",,,"8,75",,"1789331671098","76959b8efea822fb7fd1d1240b012beed551026deeeafe0cd3e0727852342146","C:\Users\sampo\git\GitComet\target\linker-bench\20260913-main\runs\shipping-release-preparation-lld-20260913T203428363-6fe55abc\links\1789331671096379800-31544\metrics.json"
"shipping-release-preparation-lld-20260913T203428363-6fe55abc","1789331671201691800-3380","shipping-release-preparation-lld-20260913T203428363-6fe55abc",,,"shipping-release","preparation","linker","lld",,"132e72528e74f93c355aeac362662d00fd33373af4b5eb02f52883463ae1ff72","warm-filesystem","fresh","none","50",,"False","914e490657920fadfb7089b77c6946ede51a7a1881a94901eb74b6c134ee435b","10","False","False","0","True","0,1908264","0,2609438","0,03125","0,0625","0,09375","0,35927276294742394","13979648","30064640","9696","1","2","43142","0","10","0",,,"8,1875",,"1789331671203","cb18d7d24224c9c2238390359bd3aa4efdefd857a8fd6e43a1f154f06e107f65","C:\Users\sampo\git\GitComet\target\linker-bench\20260913-main\runs\shipping-release-preparation-lld-20260913T203428363-6fe55abc\links\1789331671201691800-3380\metrics.json"
"shipping-release-preparation-lld-20260913T203428363-6fe55abc","1789331671233657100-12792","shipping-release-preparation-lld-20260913T203428363-6fe55abc",,,"shipping-release","preparation","linker","lld",,"132e72528e74f93c355aeac362662d00fd33373af4b5eb02f52883463ae1ff72","warm-filesystem","fresh","none","50",,"False","914e490657920fadfb7089b77c6946ede51a7a1881a94901eb74b6c134ee435b","10","False","False","0","True","0,1918457","0,2717496","0,0625","0,09375","0,15625","0,5749778472535011","13549568","29671424","9644","1","2","43126","0","10","0",,,"8,78125",,"1789331671248","d1631de0d18c050a3bbd6b2718b903100d8de9687c990dea23ec4ae9876f1d89","C:\Users\sampo\git\GitComet\target\linker-bench\20260913-main\runs\shipping-release-preparation-lld-20260913T203428363-6fe55abc\links\1789331671233657100-12792\metrics.json"
"shipping-release-preparation-lld-20260913T203428363-6fe55abc","1789331671368136200-6672","shipping-release-preparation-lld-20260913T203428363-6fe55abc",,,"shipping-release","preparation","linker","lld",,"132e72528e74f93c355aeac362662d00fd33373af4b5eb02f52883463ae1ff72","warm-filesystem","fresh","none","50",,"False","914e490657920fadfb7089b77c6946ede51a7a1881a94901eb74b6c134ee435b","10","False","False","0","True","0,2109454","0,2511318","0,234375","0,09375","0,34375","1,368803154359583","14020608","28315648","9730","39","2","43126","0","10","0",,,"7,546875",,"1789331671370","8e7c984f3d587986dabbaef539ed5221241c839e3f305026b5a2ad1ecb92bac9","C:\Users\sampo\git\GitComet\target\linker-bench\20260913-main\runs\shipping-release-preparation-lld-20260913T203428363-6fe55abc\links\1789331671368136200-6672\metrics.json"
"shipping-release-preparation-lld-20260913T203428363-6fe55abc","1789331672040015400-3016","shipping-release-preparation-lld-20260913T203428363-6fe55abc",,,"shipping-release","preparation","linker","lld",,"132e72528e74f93c355aeac362662d00fd33373af4b5eb02f52883463ae1ff72","warm-filesystem","fresh","none","50",,"False","914e490657920fadfb7089b77c6946ede51a7a1881a94901eb74b6c134ee435b","10","False","False","0","True","0,2100362","0,2302873","0,0625","0,046875","0,125","0,5428002325790436","13635584","19886080","9562","7","2","43126","0","10","0",,,"7,375",,"1789331672043","47789ef6995628fb0ad17fa58091bfb0f0332b83e0258cf9267f28770904566d","C:\Users\sampo\git\GitComet\target\linker-bench\20260913-main\runs\shipping-release-preparation-lld-20260913T203428363-6fe55abc\links\1789331672040015400-3016\metrics.json"
"shipping-release-preparation-lld-20260913T203428363-6fe55abc","1789331672087210000-16728","shipping-release-preparation-lld-20260913T203428363-6fe55abc",,,"shipping-release","preparation","linker","lld",,"132e72528e74f93c355aeac362662d00fd33373af4b5eb02f52883463ae1ff72","warm-filesystem","fresh","none","50",,"False","914e490657920fadfb7089b77c6946ede51a7a1881a94901eb74b6c134ee435b","10","False","False","0","True","0,1798846","0,2191365","0,0625","0,0625","0,15625","0,7130258993823484","14258176","28094464","9947","38","2","56835","0","11","0",,,"6,84375",,"1789331672089","cdf77d62c152125ddf9ae393f0c2812f9d5f60daec75391b7edabe54a7070961","C:\Users\sampo\git\GitComet\target\linker-bench\20260913-main\runs\shipping-release-preparation-lld-20260913T203428363-6fe55abc\links\1789331672087210000-16728\metrics.json"
"shipping-release-preparation-lld-20260913T203428363-6fe55abc","1789331672287734300-5284","shipping-release-preparation-lld-20260913T203428363-6fe55abc",,,"shipping-release","preparation","linker","lld",,"132e72528e74f93c355aeac362662d00fd33373af4b5eb02f52883463ae1ff72","warm-filesystem","fresh","none","50",,"False","914e490657920fadfb7089b77c6946ede51a7a1881a94901eb74b6c134ee435b","10","False","False","0","True","0,173354","0,2543435","0,125","0,0625","0,203125","0,7986246945567707","12378112","27369472","9030","1","2","43150","0","10","0",,,"7,796875",,"1789331672290","cee6518b83b5a2d5c60593265ddf168d171730e132ed5e0d314d6383945d6d6a","C:\Users\sampo\git\GitComet\target\linker-bench\20260913-main\runs\shipping-release-preparation-lld-20260913T203428363-6fe55abc\links\1789331672287734300-5284\metrics.json"
"shipping-release-preparation-lld-20260913T203428363-6fe55abc","1789331672476102100-24600","shipping-release-preparation-lld-20260913T203428363-6fe55abc",,,"shipping-release","preparation","linker","lld",,"132e72528e74f93c355aeac362662d00fd33373af4b5eb02f52883463ae1ff72","warm-filesystem","fresh","none","50",,"False","914e490657920fadfb7089b77c6946ede51a7a1881a94901eb74b6c134ee435b","10","False","False","0","True","0,1813681","0,2778183","0,0625","0,078125","0,171875","0,6186597499156823","13041664","27865088","9236","1","2","43134","0","10","0",,,"9,09375",,"1789331672493","88e2c18cf90d7aacaec3f3d017a53217207bc7a444d70fd098c1b17041efff2d","C:\Users\sampo\git\GitComet\target\linker-bench\20260913-main\runs\shipping-release-preparation-lld-20260913T203428363-6fe55abc\links\1789331672476102100-24600\metrics.json"
"shipping-release-preparation-lld-20260913T203428363-6fe55abc","1789331672489020400-3664","shipping-release-preparation-lld-20260913T203428363-6fe55abc",,,"shipping-release","preparation","linker","lld",,"132e72528e74f93c355aeac362662d00fd33373af4b5eb02f52883463ae1ff72","warm-filesystem","fresh","none","50",,"False","914e490657920fadfb7089b77c6946ede51a7a1881a94901eb74b6c134ee435b","10","False","False","0","True","0,2223792","0,2581202","0,078125","0,125","0,234375","0,9080071997464746","14929920","29548544","10319","38","2","47957","1964","12","1",,,"8,265625",,"1789331672491","5070e23742bf2b04db1d7fe8d1521473388160b270aed64274fcde6fd9047aa6","C:\Users\sampo\git\GitComet\target\linker-bench\20260913-main\runs\shipping-release-preparation-lld-20260913T203428363-6fe55abc\links\1789331672489020400-3664\metrics.json"
"shipping-release-preparation-lld-20260913T203428363-6fe55abc","1789331672494626000-19448","shipping-release-preparation-lld-20260913T203428363-6fe55abc",,,"shipping-release","preparation","linker","lld",,"132e72528e74f93c355aeac362662d00fd33373af4b5eb02f52883463ae1ff72","warm-filesystem","fresh","none","50",,"False","914e490657920fadfb7089b77c6946ede51a7a1881a94901eb74b6c134ee435b","10","False","False","0","True","0,2280478","0,2511445","0,046875","0,046875","0,109375","0,43550625237661983","13852672","24371200","9817","38","2","43130","0","10","0",,,"7,890625",,"1789331672498","211ab550493c8ef25af790f13d909241c34651a0b5eac201bdb00af3811e2c66","C:\Users\sampo\git\GitComet\target\linker-bench\20260913-main\runs\shipping-release-preparation-lld-20260913T203428363-6fe55abc\links\1789331672494626000-19448\metrics.json"
"shipping-release-preparation-lld-20260913T203428363-6fe55abc","1789331672538783800-14948","shipping-release-preparation-lld-20260913T203428363-6fe55abc",,,"shipping-release","preparation","linker","lld",,"132e72528e74f93c355aeac362662d00fd33373af4b5eb02f52883463ae1ff72","warm-filesystem","fresh","none","50",,"False","914e490657920fadfb7089b77c6946ede51a7a1881a94901eb74b6c134ee435b","10","False","False","0","True","0,2336093","0,2335953","0,09375","0,09375","0,203125","0,86955944747176","13422592","21450752","9212","8","2","43150","0","10","0",,,"7,296875",,"1789331672544","d824610e1b3669ce634f2fa9a52a32f37f5c43bb04d528701a3c37d9edb37263","C:\Users\sampo\git\GitComet\target\linker-bench\20260913-main\runs\shipping-release-preparation-lld-20260913T203428363-6fe55abc\links\1789331672538783800-14948\metrics.json"
"shipping-release-preparation-lld-20260913T203428363-6fe55abc","1789331673150290200-9100","shipping-release-preparation-lld-20260913T203428363-6fe55abc",,,"shipping-release","preparation","linker","lld",,"132e72528e74f93c355aeac362662d00fd33373af4b5eb02f52883463ae1ff72","warm-filesystem","fresh","none","50",,"False","914e490657920fadfb7089b77c6946ede51a7a1881a94901eb74b6c134ee435b","10","False","False","0","True","0,2110762","0,2567068","0,03125","0,125","0,1875","0,7304052716951791","14397440","28766208","10290","39","2","61144","1874","13","1",,,"7,8125",,"1789331673153","9fef1f03b6cee19feb404e5ab832e2a7bb24b662bab9a83f96b8ec6d6602616f","C:\Users\sampo\git\GitComet\target\linker-bench\20260913-main\runs\shipping-release-preparation-lld-20260913T203428363-6fe55abc\links\1789331673150290200-9100\metrics.json"
"shipping-release-preparation-lld-20260913T203428363-6fe55abc","1789331673211885600-19896","shipping-release-preparation-lld-20260913T203428363-6fe55abc",,,"shipping-release","preparation","linker","lld",,"132e72528e74f93c355aeac362662d00fd33373af4b5eb02f52883463ae1ff72","warm-filesystem","fresh","none","50",,"False","914e490657920fadfb7089b77c6946ede51a7a1881a94901eb74b6c134ee435b","10","False","False","0","True","0,1876369","0,247032","0,078125","0,078125","0,1875","0,7590109783347906","13049856","27770880","9261","1","2","43142","0","10","0",,,"8,4375",,"1789331673248","2493de0aa9c4a4fccea9174675ac9efc0b1816201f5942f0f91bbc8777c2b3e1","C:\Users\sampo\git\GitComet\target\linker-bench\20260913-main\runs\shipping-release-preparation-lld-20260913T203428363-6fe55abc\links\1789331673211885600-19896\metrics.json"
"shipping-release-preparation-lld-20260913T203428363-6fe55abc","1789331673264561100-18048","shipping-release-preparation-lld-20260913T203428363-6fe55abc",,,"shipping-release","preparation","linker","lld",,"132e72528e74f93c355aeac362662d00fd33373af4b5eb02f52883463ae1ff72","warm-filesystem","fresh","none","50",,"False","914e490657920fadfb7089b77c6946ede51a7a1881a94901eb74b6c134ee435b","10","False","False","0","True","0,1987195","0,2491538","0,0625","0,15625","0,25","1,0033962957819627","14151680","28078080","9901","40","2","43126","0","10","0",,,"7,921875",,"1789331673268","e20cafb46dcd6ff6e217c06467c291b611086e14259c56524d1d7d89c3b5428c","C:\Users\sampo\git\GitComet\target\linker-bench\20260913-main\runs\shipping-release-preparation-lld-20260913T203428363-6fe55abc\links\1789331673264561100-18048\metrics.json"
"shipping-release-preparation-lld-20260913T203428363-6fe55abc","1789331673335707200-22324","shipping-release-preparation-lld-20260913T203428363-6fe55abc",,,"shipping-release","preparation","linker","lld",,"132e72528e74f93c355aeac362662d00fd33373af4b5eb02f52883463ae1ff72","warm-filesystem","fresh","none","50",,"False","914e490657920fadfb7089b77c6946ede51a7a1881a94901eb74b6c134ee435b","10","False","False","0","True","0,2515698","0,2515308","0,15625","0,046875","0,21875","0,8696748072204279","20807680","27611136","13886","8","2","43134","0","10","0",,,"7,890625",,"1789331673338","4b1613889fb1a9a9296f8650a92aed590835a332b51d7f0caa1448df33166cfd","C:\Users\sampo\git\GitComet\target\linker-bench\20260913-main\runs\shipping-release-preparation-lld-20260913T203428363-6fe55abc\links\1789331673335707200-22324\metrics.json"
"shipping-release-preparation-lld-20260913T203428363-6fe55abc","1789331673365692200-27264","shipping-release-preparation-lld-20260913T203428363-6fe55abc",,,"shipping-release","preparation","linker","lld",,"132e72528e74f93c355aeac362662d00fd33373af4b5eb02f52883463ae1ff72","warm-filesystem","fresh","none","50",,"False","914e490657920fadfb7089b77c6946ede51a7a1881a94901eb74b6c134ee435b","10","False","False","0","True","0,1758338","0,2633952","0,046875","0,0625","0,125","0,47457204990827473","12640256","27656192","9089","1","2","53965","0","11","0",,,"8,6875",,"1789331673374","5eb6fb6469e3b9ed1bc4ac56a2d783f6342ae9860982719b7289bf31165a28fa","C:\Users\sampo\git\GitComet\target\linker-bench\20260913-main\runs\shipping-release-preparation-lld-20260913T203428363-6fe55abc\links\1789331673365692200-27264\metrics.json"
"shipping-release-preparation-lld-20260913T203428363-6fe55abc","1789331673597572600-2236","shipping-release-preparation-lld-20260913T203428363-6fe55abc",,,"shipping-release","preparation","linker","lld",,"132e72528e74f93c355aeac362662d00fd33373af4b5eb02f52883463ae1ff72","warm-filesystem","fresh","none","50",,"False","914e490657920fadfb7089b77c6946ede51a7a1881a94901eb74b6c134ee435b","10","False","False","0","True","0,1948878","0,229521","0,109375","0,0625","0,1875","0,8169187133203497","14004224","28057600","9800","38","2","56835","0","11","0",,,"7,3125",,"1789331673600","b2ed2a8872bbffd30213730277b209d591e7598fd4e4d00ef1f0dab6e6f60150","C:\Users\sampo\git\GitComet\target\linker-bench\20260913-main\runs\shipping-release-preparation-lld-20260913T203428363-6fe55abc\links\1789331673597572600-2236\metrics.json"
"shipping-release-preparation-lld-20260913T203428363-6fe55abc","1789331673748015700-7832","shipping-release-preparation-lld-20260913T203428363-6fe55abc",,,"shipping-release","preparation","linker","lld",,"132e72528e74f93c355aeac362662d00fd33373af4b5eb02f52883463ae1ff72","warm-filesystem","fresh","none","50",,"False","914e490657920fadfb7089b77c6946ede51a7a1881a94901eb74b6c134ee435b","10","False","False","0","True","0,2160347","0,23228","0,140625","0,03125","0,1875","0,8072154296538661","14483456","23265280","9853","10","2","43122","0","10","0",,,"6,9375",,"1789331673751","3b166c0d03c15c2cfcc9fac038f04f6bbe631e4308ffbe31439ffea5bcf90152","C:\Users\sampo\git\GitComet\target\linker-bench\20260913-main\runs\shipping-release-preparation-lld-20260913T203428363-6fe55abc\links\1789331673748015700-7832\metrics.json"
"shipping-release-preparation-lld-20260913T203428363-6fe55abc","1789331674035436300-27344","shipping-release-preparation-lld-20260913T203428363-6fe55abc",,,"shipping-release","preparation","linker","lld",,"132e72528e74f93c355aeac362662d00fd33373af4b5eb02f52883463ae1ff72","warm-filesystem","fresh","none","50",,"False","914e490657920fadfb7089b77c6946ede51a7a1881a94901eb74b6c134ee435b","10","False","False","0","True","0,1965173","0,3000864","0,078125","0,078125","0,15625","0,5206833765208954","14782464","32927744","10362","1","2","43122","0","10","0",,,"9,75",,"1789331674037","3cc1cea30521549508a87a7f067eddad93e0fd4c690617bf8cbfc536b19c4375","C:\Users\sampo\git\GitComet\target\linker-bench\20260913-main\runs\shipping-release-preparation-lld-20260913T203428363-6fe55abc\links\1789331674035436300-27344\metrics.json"
"shipping-release-preparation-lld-20260913T203428363-6fe55abc","1789331674196104700-1932","shipping-release-preparation-lld-20260913T203428363-6fe55abc",,,"shipping-release","preparation","linker","lld",,"132e72528e74f93c355aeac362662d00fd33373af4b5eb02f52883463ae1ff72","warm-filesystem","fresh","none","50",,"False","914e490657920fadfb7089b77c6946ede51a7a1881a94901eb74b6c134ee435b","10","False","False","0","True","0,1731952","0,1789144","0,03125","0,0625","0,125","0,6986581292506361","13635584","8863744","9604","1","2","43130","0","10","0",,,"6,234375",,"1789331674205","0ca4a9e35a9c89cf770eacd56d7c836477df28061be934ed4814c144653bad3e","C:\Users\sampo\git\GitComet\target\linker-bench\20260913-main\runs\shipping-release-preparation-lld-20260913T203428363-6fe55abc\links\1789331674196104700-1932\metrics.json"
"shipping-release-preparation-lld-20260913T203428363-6fe55abc","1789331674388534800-17492","shipping-release-preparation-lld-20260913T203428363-6fe55abc",,,"shipping-release","preparation","linker","lld",,"132e72528e74f93c355aeac362662d00fd33373af4b5eb02f52883463ae1ff72","warm-filesystem","fresh","none","50",,"False","914e490657920fadfb7089b77c6946ede51a7a1881a94901eb74b6c134ee435b","10","False","False","0","True","0,1783231","0,2699438","0,078125","0","0,109375","0,40517692942012373","12800000","25886720","9189","39","2","43134","0","10","0",,,"8,734375",,"1789331674391","26f17fc5801ad6893e4859980ebda915144c63ad1727d54600f81cfbfcbc174c","C:\Users\sampo\git\GitComet\target\linker-bench\20260913-main\runs\shipping-release-preparation-lld-20260913T203428363-6fe55abc\links\1789331674388534800-17492\metrics.json"
"shipping-release-preparation-lld-20260913T203428363-6fe55abc","1789331674637828400-16296","shipping-release-preparation-lld-20260913T203428363-6fe55abc",,,"shipping-release","preparation","linker","lld",,"132e72528e74f93c355aeac362662d00fd33373af4b5eb02f52883463ae1ff72","warm-filesystem","fresh","none","50",,"False","914e490657920fadfb7089b77c6946ede51a7a1881a94901eb74b6c134ee435b","10","False","False","0","True","0,1819008","0,2745692","0,078125","0,25","0,34375","1,2519612542120528","14921728","31752192","10248","1","2","62685","1890","13","1",,,"8,734375",,"1789331674640","3b0336e6257284c05997784cac2d950bc1c3ff2acbf913a68897a8e3a5e0f89f","C:\Users\sampo\git\GitComet\target\linker-bench\20260913-main\runs\shipping-release-preparation-lld-20260913T203428363-6fe55abc\links\1789331674637828400-16296\metrics.json"
"shipping-release-preparation-lld-20260913T203428363-6fe55abc","1789331675156852100-30068","shipping-release-preparation-lld-20260913T203428363-6fe55abc",,,"shipping-release","preparation","linker","lld",,"132e72528e74f93c355aeac362662d00fd33373af4b5eb02f52883463ae1ff72","warm-filesystem","fresh","none","50",,"False","914e490657920fadfb7089b77c6946ede51a7a1881a94901eb74b6c134ee435b","10","False","False","0","True","0,2099738","0,2736615","0,0625","0,109375","0,1875","0,6851530083698292","14643200","31457280","10171","1","2","56873","0","11","0",,,"8,796875",,"1789331675159","c3e01dfcd82b34a7421fbe43399a346372bf7e44e466ddf9e0ba05b4dfe975f5","C:\Users\sampo\git\GitComet\target\linker-bench\20260913-main\runs\shipping-release-preparation-lld-20260913T203428363-6fe55abc\links\1789331675156852100-30068\metrics.json"
"shipping-release-preparation-lld-20260913T203428363-6fe55abc","1789331675274222700-10052","shipping-release-preparation-lld-20260913T203428363-6fe55abc",,,"shipping-release","preparation","linker","lld",,"132e72528e74f93c355aeac362662d00fd33373af4b5eb02f52883463ae1ff72","warm-filesystem","fresh","none","50",,"False","914e490657920fadfb7089b77c6946ede51a7a1881a94901eb74b6c134ee435b","10","False","False","0","True","0,1917301","0,2925997","0,09375","0,03125","0,125","0,4272048125818311","15888384","33689600","10731","1","2","49420","1974","13","1",,,"9,203125",,"1789331675276","6fda246964312a9dada24f4293237d40a0e064687ee7377134740ff969a6ee33","C:\Users\sampo\git\GitComet\target\linker-bench\20260913-main\runs\shipping-release-preparation-lld-20260913T203428363-6fe55abc\links\1789331675274222700-10052\metrics.json"
"shipping-release-preparation-lld-20260913T203428363-6fe55abc","1789331675312527600-3288","shipping-release-preparation-lld-20260913T203428363-6fe55abc",,,"shipping-release","preparation","linker","lld",,"132e72528e74f93c355aeac362662d00fd33373af4b5eb02f52883463ae1ff72","warm-filesystem","fresh","none","50",,"False","914e490657920fadfb7089b77c6946ede51a7a1881a94901eb74b6c134ee435b","10","False","False","0","True","0,2173014","0,2602673","0,078125","0,140625","0,25","0,9605509412822895","21336064","43466752","14364","39","2","43126","0","10","0",,,"8,234375",,"1789331675315","98f7d54d7121c7d5b1a18f5f9c1b4501d9a0f6456a77c4d8e2949d94e9c0d151","C:\Users\sampo\git\GitComet\target\linker-bench\20260913-main\runs\shipping-release-preparation-lld-20260913T203428363-6fe55abc\links\1789331675312527600-3288\metrics.json"
"shipping-release-preparation-lld-20260913T203428363-6fe55abc","1789331675490727300-9404","shipping-release-preparation-lld-20260913T203428363-6fe55abc",,,"shipping-release","preparation","linker","lld",,"132e72528e74f93c355aeac362662d00fd33373af4b5eb02f52883463ae1ff72","warm-filesystem","fresh","none","50",,"False","914e490657920fadfb7089b77c6946ede51a7a1881a94901eb74b6c134ee435b","10","False","False","0","True","0,1789842","0,2527423","0,109375","0,09375","0,234375","0,9273279542047375","13893632","28569600","9690","38","2","43126","0","10","0",,,"8,09375",,"1789331675493","b73ffa3906c93628ea417df6039896215d44b426a1f197ab2690572c8ff03abc","C:\Users\sampo\git\GitComet\target\linker-bench\20260913-main\runs\shipping-release-preparation-lld-20260913T203428363-6fe55abc\links\1789331675490727300-9404\metrics.json"
"shipping-release-preparation-lld-20260913T203428363-6fe55abc","1789331675663944500-10936","shipping-release-preparation-lld-20260913T203428363-6fe55abc",,,"shipping-release","preparation","linker","lld",,"132e72528e74f93c355aeac362662d00fd33373af4b5eb02f52883463ae1ff72","warm-filesystem","fresh","none","50",,"False","914e490657920fadfb7089b77c6946ede51a7a1881a94901eb74b6c134ee435b","10","False","False","0","True","0,2461536","0,2502418","0,0625","0,0625","0,140625","0,5619564756967061","13594624","13639680","9543","15","2","50444","2058","13","1",,,"7,53125",,"1789331675677","9c27a37eaf4e7eec011f8e457e068ca947da6ab076b31f7c4b075e26026923b2","C:\Users\sampo\git\GitComet\target\linker-bench\20260913-main\runs\shipping-release-preparation-lld-20260913T203428363-6fe55abc\links\1789331675663944500-10936\metrics.json"
"shipping-release-preparation-lld-20260913T203428363-6fe55abc","1789331675754780700-31420","shipping-release-preparation-lld-20260913T203428363-6fe55abc",,,"shipping-release","preparation","linker","lld",,"132e72528e74f93c355aeac362662d00fd33373af4b5eb02f52883463ae1ff72","warm-filesystem","fresh","none","50",,"False","914e490657920fadfb7089b77c6946ede51a7a1881a94901eb74b6c134ee435b","10","False","False","0","True","0,3198575","0,3335613","0,0625","0,046875","0,125","0,37474371277483326","14045184","20033536","9672","7","2","43134","0","10","0",,,"10,03125",,"1789331675764","668433e69b92e6543193da1ada407ee6b67016c01a3d94a31dade41d0363a483","C:\Users\sampo\git\GitComet\target\linker-bench\20260913-main\runs\shipping-release-preparation-lld-20260913T203428363-6fe55abc\links\1789331675754780700-31420\metrics.json"
"shipping-release-preparation-lld-20260913T203428363-6fe55abc","1789331675866268700-5396","shipping-release-preparation-lld-20260913T203428363-6fe55abc",,,"shipping-release","preparation","linker","lld",,"132e72528e74f93c355aeac362662d00fd33373af4b5eb02f52883463ae1ff72","warm-filesystem","fresh","none","50",,"False","914e490657920fadfb7089b77c6946ede51a7a1881a94901eb74b6c134ee435b","10","False","False","0","True","0,2182749","0,2271967","0,0625","0,046875","0,125","0,5501840475675923","13410304","22519808","9455","7","2","49857","2020","13","1",,,"6,921875",,"1789331675879","577935ad6c8eaf05c7d61c8bdb9e4c590a1a3627d366a3fb2c379aab1a843928","C:\Users\sampo\git\GitComet\target\linker-bench\20260913-main\runs\shipping-release-preparation-lld-20260913T203428363-6fe55abc\links\1789331675866268700-5396\metrics.json"
"shipping-release-preparation-lld-20260913T203428363-6fe55abc","1789331680035315000-14468","shipping-release-preparation-lld-20260913T203428363-6fe55abc",,,"shipping-release","preparation","linker","lld",,"132e72528e74f93c355aeac362662d00fd33373af4b5eb02f52883463ae1ff72","warm-filesystem","fresh","none","50",,"False","914e490657920fadfb7089b77c6946ede51a7a1881a94901eb74b6c134ee435b","10","False","False","0","True","0,2263208","0,2533027","0,046875","0,109375","0,171875","0,6785359966553851","16228352","26456064","10716","59","2","47981","2076","12","1",,,"8,578125",,"1789331680074","b1d713ae952119ae75dee9e79759ac64951d9134393bfae8075da38b6cc3b857","C:\Users\sampo\git\GitComet\target\linker-bench\20260913-main\runs\shipping-release-preparation-lld-20260913T203428363-6fe55abc\links\1789331680035315000-14468\metrics.json"
"shipping-release-preparation-lld-20260913T203428363-6fe55abc","1789331680044911800-13768","shipping-release-preparation-lld-20260913T203428363-6fe55abc",,,"shipping-release","preparation","linker","lld",,"132e72528e74f93c355aeac362662d00fd33373af4b5eb02f52883463ae1ff72","warm-filesystem","fresh","none","50",,"False","914e490657920fadfb7089b77c6946ede51a7a1881a94901eb74b6c134ee435b","10","False","False","0","True","0,2863314","0,2927144","0,078125","0,046875","0,125","0,4270374125769009","20406272","33267712","13974","39","2","43150","0","10","0",,,"9,375",,"1789331680047","69208401004b4cf24b5662fb1831604c5c431085bb55c0f9783427761216107e","C:\Users\sampo\git\GitComet\target\linker-bench\20260913-main\runs\shipping-release-preparation-lld-20260913T203428363-6fe55abc\links\1789331680044911800-13768\metrics.json"
"shipping-release-preparation-lld-20260913T203428363-6fe55abc","1789331680070698300-25052","shipping-release-preparation-lld-20260913T203428363-6fe55abc",,,"shipping-release","preparation","linker","lld",,"132e72528e74f93c355aeac362662d00fd33373af4b5eb02f52883463ae1ff72","warm-filesystem","fresh","none","50",,"False","914e490657920fadfb7089b77c6946ede51a7a1881a94901eb74b6c134ee435b","10","False","False","0","True","0,3190501","0,4044517","0,125","0,171875","0,34375","0,8499160715605844","31129600","66150400","19268","6","2","67920","0","13","0",,,"13,046875",,"1789331680076","37d730c66bc1523c79f951333eefb38ec2f414294cccafb5f346e9a6cf523312","C:\Users\sampo\git\GitComet\target\linker-bench\20260913-main\runs\shipping-release-preparation-lld-20260913T203428363-6fe55abc\links\1789331680070698300-25052\metrics.json"
"shipping-release-preparation-lld-20260913T203428363-6fe55abc","1789331680399302400-20312","shipping-release-preparation-lld-20260913T203428363-6fe55abc",,,"shipping-release","preparation","linker","lld",,"132e72528e74f93c355aeac362662d00fd33373af4b5eb02f52883463ae1ff72","warm-filesystem","fresh","none","50",,"False","914e490657920fadfb7089b77c6946ede51a7a1881a94901eb74b6c134ee435b","10","False","False","0","True","0,2291591","0,2523151","0,140625","0,140625","0,296875","1,1766041747006024","20312064","37711872","13812","39","2","43142","0","10","0",,,"7,71875",,"1789331680401","703391739e383ceaea47cc1d115c6fa3737792c1b71dd8fe56fffcf9f0ab19a9","C:\Users\sampo\git\GitComet\target\linker-bench\20260913-main\runs\shipping-release-preparation-lld-20260913T203428363-6fe55abc\links\1789331680399302400-20312\metrics.json"
"shipping-release-preparation-lld-20260913T203428363-6fe55abc","1789331681110884900-14912","shipping-release-preparation-lld-20260913T203428363-6fe55abc",,,"shipping-release","preparation","linker","lld",,"132e72528e74f93c355aeac362662d00fd33373af4b5eb02f52883463ae1ff72","warm-filesystem","fresh","none","50",,"False","914e490657920fadfb7089b77c6946ede51a7a1881a94901eb74b6c134ee435b","10","False","False","0","True","0,1537972","0,2196431","0,109375","0,046875","0,171875","0,7825194599784833","14245888","29306880","9828","39","2","43130","0","10","0",,,"6,96875",,"1789331681127","2687fed19c4bfa22b19b3f22ff6ad94632b9684a055dc01f5f0e8588d7593a51","C:\Users\sampo\git\GitComet\target\linker-bench\20260913-main\runs\shipping-release-preparation-lld-20260913T203428363-6fe55abc\links\1789331681110884900-14912\metrics.json"
"shipping-release-preparation-lld-20260913T203428363-6fe55abc","1789331681170702900-30136","shipping-release-preparation-lld-20260913T203428363-6fe55abc",,,"shipping-release","preparation","linker","lld",,"132e72528e74f93c355aeac362662d00fd33373af4b5eb02f52883463ae1ff72","warm-filesystem","fresh","none","50",,"False","914e490657920fadfb7089b77c6946ede51a7a1881a94901eb74b6c134ee435b","10","False","False","0","True","0,1559747","0,210602","0,03125","0,09375","0,125","0,5935366235838215","15015936","30728192","9787","1","2","43126","0","10","0",,,"6,578125",,"1789331681173","d1f89e37f22b4ff5fdd268e78cbcea72e092fcec2e2bb8a48223cbd2ce461abe","C:\Users\sampo\git\GitComet\target\linker-bench\20260913-main\runs\shipping-release-preparation-lld-20260913T203428363-6fe55abc\links\1789331681170702900-30136\metrics.json"
"shipping-release-preparation-lld-20260913T203428363-6fe55abc","1789331681759746400-6584","shipping-release-preparation-lld-20260913T203428363-6fe55abc",,,"shipping-release","preparation","linker","lld",,"132e72528e74f93c355aeac362662d00fd33373af4b5eb02f52883463ae1ff72","warm-filesystem","fresh","none","50",,"False","914e490657920fadfb7089b77c6946ede51a7a1881a94901eb74b6c134ee435b","10","False","False","0","True","0,1571903","0,1573913","0,125","0,078125","0,234375","1,4891229693127892","12935168","1986560","9291","1","2","52482","0","11","0",,,"5,25",,"1789331681762","87e91c7145bcb342f493c890b1a1c7c424a54277b1907556f035735cb89471b4","C:\Users\sampo\git\GitComet\target\linker-bench\20260913-main\runs\shipping-release-preparation-lld-20260913T203428363-6fe55abc\links\1789331681759746400-6584\metrics.json"
"shipping-release-preparation-lld-20260913T203428363-6fe55abc","1789331681859028800-4036","shipping-release-preparation-lld-20260913T203428363-6fe55abc",,,"shipping-release","preparation","linker","lld",,"132e72528e74f93c355aeac362662d00fd33373af4b5eb02f52883463ae1ff72","warm-filesystem","fresh","none","50",,"False","914e490657920fadfb7089b77c6946ede51a7a1881a94901eb74b6c134ee435b","10","False","False","0","True","0,22128","0,2819402","0,0625","0,0625","0,15625","0,5541955350815528","15638528","30621696","10593","41","2","51921","0","13","0",,,"9,359375",,"1789331681861","62e649ee57f8352bf19d5f341898b8185edb1f5a5574a62f6147efd26ea5a218","C:\Users\sampo\git\GitComet\target\linker-bench\20260913-main\runs\shipping-release-preparation-lld-20260913T203428363-6fe55abc\links\1789331681859028800-4036\metrics.json"
"shipping-release-preparation-lld-20260913T203428363-6fe55abc","1789331682480176500-30332","shipping-release-preparation-lld-20260913T203428363-6fe55abc",,,"shipping-release","preparation","linker","lld",,"132e72528e74f93c355aeac362662d00fd33373af4b5eb02f52883463ae1ff72","warm-filesystem","fresh","none","50",,"False","914e490657920fadfb7089b77c6946ede51a7a1881a94901eb74b6c134ee435b","10","False","False","0","True","0,3306902","0,3221383","0,296875","0,109375","0,421875","1,3096083266100307","25264128","34222080","16650","7","2","50313","2086","13","1",,,"10,078125",,"1789331682482","f66c912b2d96e883eb5dbc7fc0ad5c4d8c404b078748907e9c254798dfe7a9df","C:\Users\sampo\git\GitComet\target\linker-bench\20260913-main\runs\shipping-release-preparation-lld-20260913T203428363-6fe55abc\links\1789331682480176500-30332\metrics.json"
"shipping-release-preparation-lld-20260913T203428363-6fe55abc","1789331682727363200-28084","shipping-release-preparation-lld-20260913T203428363-6fe55abc",,,"shipping-release","preparation","linker","lld",,"132e72528e74f93c355aeac362662d00fd33373af4b5eb02f52883463ae1ff72","warm-filesystem","fresh","none","50",,"False","914e490657920fadfb7089b77c6946ede51a7a1881a94901eb74b6c134ee435b","10","False","False","0","True","0,3064996","0,3037754","0,1875","0,0625","0,265625","0,874412477113025","25522176","35295232","17216","7","2","57576","1992","13","1",,,"10,140625",,"1789331682730","ae346b6099398ff7186ed8cc64a7a3c371c2813e5b236b71de42ed535ec9fad9","C:\Users\sampo\git\GitComet\target\linker-bench\20260913-main\runs\shipping-release-preparation-lld-20260913T203428363-6fe55abc\links\1789331682727363200-28084\metrics.json"
"shipping-release-preparation-lld-20260913T203428363-6fe55abc","1789331682728806000-30176","shipping-release-preparation-lld-20260913T203428363-6fe55abc",,,"shipping-release","preparation","linker","lld",,"132e72528e74f93c355aeac362662d00fd33373af4b5eb02f52883463ae1ff72","warm-filesystem","fresh","none","50",,"False","914e490657920fadfb7089b77c6946ede51a7a1881a94901eb74b6c134ee435b","10","False","False","0","True","0,3200469","0,3218799","0,140625","0,046875","0,1875","0,5825154040373444","25718784","43405312","17259","39","2","54119","2076","13","1",,,"10,765625",,"1789331682731","41f3b10a329e6bb4c2a42e6e0462de212cc3986ac98a60c8c97f65297027c90d","C:\Users\sampo\git\GitComet\target\linker-bench\20260913-main\runs\shipping-release-preparation-lld-20260913T203428363-6fe55abc\links\1789331682728806000-30176\metrics.json"
"shipping-release-preparation-lld-20260913T203428363-6fe55abc","1789331682840384000-10100","shipping-release-preparation-lld-20260913T203428363-6fe55abc",,,"shipping-release","preparation","linker","lld",,"132e72528e74f93c355aeac362662d00fd33373af4b5eb02f52883463ae1ff72","warm-filesystem","fresh","none","50",,"False","914e490657920fadfb7089b77c6946ede51a7a1881a94901eb74b6c134ee435b","10","False","False","0","True","0,3937627","0,3957311","0,140625","0,140625","0,28125","0,7107098734468936","26550272","48857088","16894","40","2","54526","2048","13","1",,,"13,296875",,"1789331682875","6eac5826a9b6df42695aeada72f3e8043aece38fe624b5556602a35ab4bb6e9f","C:\Users\sampo\git\GitComet\target\linker-bench\20260913-main\runs\shipping-release-preparation-lld-20260913T203428363-6fe55abc\links\1789331682840384000-10100\metrics.json"
"shipping-release-preparation-lld-20260913T203428363-6fe55abc","1789331682913901000-21192","shipping-release-preparation-lld-20260913T203428363-6fe55abc",,,"shipping-release","preparation","linker","lld",,"132e72528e74f93c355aeac362662d00fd33373af4b5eb02f52883463ae1ff72","warm-filesystem","fresh","none","50",,"False","914e490657920fadfb7089b77c6946ede51a7a1881a94901eb74b6c134ee435b","10","False","False","0","True","0,2574175","0,3398932","0,171875","0,140625","0,34375","1,0113470937341493","26648576","52076544","17718","40","2","47952","1946","12","1",,,"10,875",,"1789331682926","6f72710599d29b3d98197cc175b54710b064e8175d5fa42839d865b5ce02b6ff","C:\Users\sampo\git\GitComet\target\linker-bench\20260913-main\runs\shipping-release-preparation-lld-20260913T203428363-6fe55abc\links\1789331682913901000-21192\metrics.json"
"shipping-release-preparation-lld-20260913T203428363-6fe55abc","1789331682943159900-4604","shipping-release-preparation-lld-20260913T203428363-6fe55abc",,,"shipping-release","preparation","linker","lld",,"132e72528e74f93c355aeac362662d00fd33373af4b5eb02f52883463ae1ff72","warm-filesystem","fresh","none","50",,"False","914e490657920fadfb7089b77c6946ede51a7a1881a94901eb74b6c134ee435b","10","False","False","0","True","0,3190843","0,3340162","0,078125","0,21875","0,328125","0,9823625321167058","25063424","48910336","16636","38","2","53796","1880","13","1",,,"10,609375",,"1789331682947","3fd515033528e09b7f76099dca3b3943a966a3714cc86dd0fb4717fc3540a41a","C:\Users\sampo\git\GitComet\target\linker-bench\20260913-main\runs\shipping-release-preparation-lld-20260913T203428363-6fe55abc\links\1789331682943159900-4604\metrics.json"
"shipping-release-preparation-lld-20260913T203428363-6fe55abc","1789331682981799100-30976","shipping-release-preparation-lld-20260913T203428363-6fe55abc",,,"shipping-release","preparation","linker","lld",,"132e72528e74f93c355aeac362662d00fd33373af4b5eb02f52883463ae1ff72","warm-filesystem","fresh","none","50",,"False","914e490657920fadfb7089b77c6946ede51a7a1881a94901eb74b6c134ee435b","10","False","False","0","True","0,2709166","0,3054864","0,140625","0,125","0,28125","0,9206629165815565","25497600","49442816","16908","38","2","58448","1992","13","1",,,"9,71875",,"1789331682984","30505fee588964d1580eb490f8d9fbc45d9c60448bccb503f26e3a742390dc6d","C:\Users\sampo\git\GitComet\target\linker-bench\20260913-main\runs\shipping-release-preparation-lld-20260913T203428363-6fe55abc\links\1789331682981799100-30976\metrics.json"
"shipping-release-preparation-lld-20260913T203428363-6fe55abc","1789331683040615500-22796","shipping-release-preparation-lld-20260913T203428363-6fe55abc",,,"shipping-release","preparation","linker","lld",,"132e72528e74f93c355aeac362662d00fd33373af4b5eb02f52883463ae1ff72","warm-filesystem","fresh","none","50",,"False","914e490657920fadfb7089b77c6946ede51a7a1881a94901eb74b6c134ee435b","10","False","False","0","True","0,2985258","0,2992813","0,171875","0,09375","0,265625","0,8875429236641248","25980928","43900928","17307","8","2","54389","2048","13","1",,,"9,515625",,"1789331683043","8ca642bd7e657e41a54cc84d2d01a590077c48c966d4e1b84d04d55ef8f9fce6","C:\Users\sampo\git\GitComet\target\linker-bench\20260913-main\runs\shipping-release-preparation-lld-20260913T203428363-6fe55abc\links\1789331683040615500-22796\metrics.json"
"shipping-release-preparation-lld-20260913T203428363-6fe55abc","1789331683205479600-2108","shipping-release-preparation-lld-20260913T203428363-6fe55abc",,,"shipping-release","preparation","linker","lld",,"132e72528e74f93c355aeac362662d00fd33373af4b5eb02f52883463ae1ff72","warm-filesystem","fresh","none","50",,"False","914e490657920fadfb7089b77c6946ede51a7a1881a94901eb74b6c134ee435b","10","False","False","0","True","0,2887897","0,2903017","0,21875","0,140625","0,359375","1,2379362573488202","25096192","35024896","16547","7","2","56146","1992","13","1",,,"9,140625",,"1789331683207","e202923dfdaa3c74c67125a3e18fb31952206b7867b80322b87436687acbf437","C:\Users\sampo\git\GitComet\target\linker-bench\20260913-main\runs\shipping-release-preparation-lld-20260913T203428363-6fe55abc\links\1789331683205479600-2108\metrics.json"
"shipping-release-preparation-lld-20260913T203428363-6fe55abc","1789331683603732100-4908","shipping-release-preparation-lld-20260913T203428363-6fe55abc",,,"shipping-release","preparation","linker","lld",,"132e72528e74f93c355aeac362662d00fd33373af4b5eb02f52883463ae1ff72","warm-filesystem","fresh","none","50",,"False","914e490657920fadfb7089b77c6946ede51a7a1881a94901eb74b6c134ee435b","10","False","False","0","True","0,3854799","0,3857805","0,171875","0,09375","0,28125","0,7290415145400039","26247168","35565568","17667","7","2","60000","2002","13","1",,,"13,5",,"1789331683606","d623c3eeff9be17e1a9a43f25a5e4f42f2b9aae477111fa296aa48c02a529e94","C:\Users\sampo\git\GitComet\target\linker-bench\20260913-main\runs\shipping-release-preparation-lld-20260913T203428363-6fe55abc\links\1789331683603732100-4908\metrics.json"
"shipping-release-preparation-lld-20260913T203428363-6fe55abc","1789331683742855600-31488","shipping-release-preparation-lld-20260913T203428363-6fe55abc",,,"shipping-release","preparation","linker","lld",,"132e72528e74f93c355aeac362662d00fd33373af4b5eb02f52883463ae1ff72","warm-filesystem","fresh","none","50",,"False","914e490657920fadfb7089b77c6946ede51a7a1881a94901eb74b6c134ee435b","10","False","False","0","True","0,3107663","0,3527601","0,109375","0,1875","0,3125","0,8858711628667754","27746304","57589760","18244","39","2","47969","2020","12","1",,,"10,921875",,"1789331683745","be146ee63cbafddb36a3aa5910a9d65e9e307f4aa4c6f3be2b1637fa78b2021f","C:\Users\sampo\git\GitComet\target\linker-bench\20260913-main\runs\shipping-release-preparation-lld-20260913T203428363-6fe55abc\links\1789331683742855600-31488\metrics.json"
"shipping-release-preparation-lld-20260913T203428363-6fe55abc","1789331683898248100-24172","shipping-release-preparation-lld-20260913T203428363-6fe55abc",,,"shipping-release","preparation","linker","lld",,"132e72528e74f93c355aeac362662d00fd33373af4b5eb02f52883463ae1ff72","warm-filesystem","fresh","none","50",,"False","914e490657920fadfb7089b77c6946ede51a7a1881a94901eb74b6c134ee435b","10","False","False","0","True","0,2919091","0,3104158","0,125","0,078125","0,234375","0,7550356650660178","25411584","48959488","17036","38","2","58628","1946","13","1",,,"10,53125",,"1789331683900","75fc6ffb064f7e04f3d5b36f4903b21f08f592a41f8f185acca07ed70feacb50","C:\Users\sampo\git\GitComet\target\linker-bench\20260913-main\runs\shipping-release-preparation-lld-20260913T203428363-6fe55abc\links\1789331683898248100-24172\metrics.json"
"shipping-release-preparation-lld-20260913T203428363-6fe55abc","1789331683905956300-19552","shipping-release-preparation-lld-20260913T203428363-6fe55abc",,,"shipping-release","preparation","linker","lld",,"132e72528e74f93c355aeac362662d00fd33373af4b5eb02f52883463ae1ff72","warm-filesystem","fresh","none","50",,"False","914e490657920fadfb7089b77c6946ede51a7a1881a94901eb74b6c134ee435b","10","False","False","0","True","0,322968","0,3267055","0,125","0,09375","0,25","0,7652151555452847","28471296","47013888","18716","9","2","47968","2002","12","1",,,"11,3125",,"1789331683940","702bde0f0c56713065c98f954c344f88972208d3e6e1660588e3697ffa1f8367","C:\Users\sampo\git\GitComet\target\linker-bench\20260913-main\runs\shipping-release-preparation-lld-20260913T203428363-6fe55abc\links\1789331683905956300-19552\metrics.json"
"shipping-release-preparation-lld-20260913T203428363-6fe55abc","1789331683946416000-31392","shipping-release-preparation-lld-20260913T203428363-6fe55abc",,,"shipping-release","preparation","linker","lld",,"132e72528e74f93c355aeac362662d00fd33373af4b5eb02f52883463ae1ff72","warm-filesystem","fresh","none","50",,"False","914e490657920fadfb7089b77c6946ede51a7a1881a94901eb74b6c134ee435b","10","False","False","0","True","0,3691696","0,4399035","0,296875","0,0625","0,359375","0,8169405335488351","31297536","69734400","20365","40","2","56492","1964","13","1",,,"14,65625",,"1789331683992","a8abde76932f45326e4c07ab80e0a37cbb93b96d4049dcd16a4ee10daae95437","C:\Users\sampo\git\GitComet\target\linker-bench\20260913-main\runs\shipping-release-preparation-lld-20260913T203428363-6fe55abc\links\1789331683946416000-31392\metrics.json"
"shipping-release-preparation-lld-20260913T203428363-6fe55abc","1789331683952900700-25056","shipping-release-preparation-lld-20260913T203428363-6fe55abc",,,"shipping-release","preparation","linker","lld",,"132e72528e74f93c355aeac362662d00fd33373af4b5eb02f52883463ae1ff72","warm-filesystem","fresh","none","50",,"False","914e490657920fadfb7089b77c6946ede51a7a1881a94901eb74b6c134ee435b","10","False","False","0","True","0,2886727","0,3016772","0,140625","0,09375","0,25","0,8287003459326725","28418048","41811968","18518","6","2","62352","2076","13","1",,,"9,546875",,"1789331683955","f04665fe3d66fa24a8694f3bac3bf146273002f011278f2f839bd2a3a292a545","C:\Users\sampo\git\GitComet\target\linker-bench\20260913-main\runs\shipping-release-preparation-lld-20260913T203428363-6fe55abc\links\1789331683952900700-25056\metrics.json"
"shipping-release-preparation-lld-20260913T203428363-6fe55abc","1789331684134673300-22428","shipping-release-preparation-lld-20260913T203428363-6fe55abc",,,"shipping-release","preparation","linker","lld",,"132e72528e74f93c355aeac362662d00fd33373af4b5eb02f52883463ae1ff72","warm-filesystem","fresh","none","50",,"False","914e490657920fadfb7089b77c6946ede51a7a1881a94901eb74b6c134ee435b","10","False","False","0","True","0,3325825","0,3878573","0,0625","0,171875","0,265625","0,6848523928774836","28475392","58658816","18578","38","2","47982","2086","12","1",,,"13,4375",,"1789331684207","93f69803379a805d75ef714cce647c82f0750b9456a74bdabcb54a467596946e","C:\Users\sampo\git\GitComet\target\linker-bench\20260913-main\runs\shipping-release-preparation-lld-20260913T203428363-6fe55abc\links\1789331684134673300-22428\metrics.json"
"shipping-release-preparation-lld-20260913T203428363-6fe55abc","1789331684332750700-30280","shipping-release-preparation-lld-20260913T203428363-6fe55abc",,,"shipping-release","preparation","linker","lld",,"132e72528e74f93c355aeac362662d00fd33373af4b5eb02f52883463ae1ff72","warm-filesystem","fresh","none","50",,"False","914e490657920fadfb7089b77c6946ede51a7a1881a94901eb74b6c134ee435b","10","False","False","0","True","0,3026089","0,3029549","0,21875","0,078125","0,328125","1,0830820032948798","25800704","35614720","17231","7","2","51638","2048","13","1",,,"9,671875",,"1789331684335","5674360fc0c84fdfe0493a49e0fbe7bbcf536bd567f06ebd868a05fa0da6c1fe","C:\Users\sampo\git\GitComet\target\linker-bench\20260913-main\runs\shipping-release-preparation-lld-20260913T203428363-6fe55abc\links\1789331684332750700-30280\metrics.json"
"shipping-release-preparation-lld-20260913T203428363-6fe55abc","1789331684485860500-11204","shipping-release-preparation-lld-20260913T203428363-6fe55abc",,,"shipping-release","preparation","linker","lld",,"132e72528e74f93c355aeac362662d00fd33373af4b5eb02f52883463ae1ff72","warm-filesystem","fresh","none","50",,"False","914e490657920fadfb7089b77c6946ede51a7a1881a94901eb74b6c134ee435b","10","False","False","0","True","0,3419051","0,4366395","0,234375","0,0625","0,34375","0,7872627190164884","31297536","73482240","20806","8","2","68593","2020","14","1",,,"14,265625",,"1789331684493","d7f5b2dd3dd923404b9ec457905ab5b896aaac23631b2c10c21c9cb22f36705e","C:\Users\sampo\git\GitComet\target\linker-bench\20260913-main\runs\shipping-release-preparation-lld-20260913T203428363-6fe55abc\links\1789331684485860500-11204\metrics.json"
"shipping-release-preparation-lld-20260913T203428363-6fe55abc","1789331684665813000-30432","shipping-release-preparation-lld-20260913T203428363-6fe55abc",,,"shipping-release","preparation","linker","lld",,"132e72528e74f93c355aeac362662d00fd33373af4b5eb02f52883463ae1ff72","warm-filesystem","fresh","none","50",,"False","914e490657920fadfb7089b77c6946ede51a7a1881a94901eb74b6c134ee435b","10","False","False","0","True","0,2836079","0,298067","0,125","0,109375","0,265625","0,891158699218632","28094464","53858304","18298","40","2","47964","2002","12","1",,,"9,75",,"1789331684668","58b67d6ae1cdfabc8aa86702865c7d509536947d23eec8198268e73980ecb10b","C:\Users\sampo\git\GitComet\target\linker-bench\20260913-main\runs\shipping-release-preparation-lld-20260913T203428363-6fe55abc\links\1789331684665813000-30432\metrics.json"
"shipping-release-preparation-lld-20260913T203428363-6fe55abc","1789331684746914700-30488","shipping-release-preparation-lld-20260913T203428363-6fe55abc",,,"shipping-release","preparation","linker","lld",,"132e72528e74f93c355aeac362662d00fd33373af4b5eb02f52883463ae1ff72","warm-filesystem","fresh","none","50",,"False","914e490657920fadfb7089b77c6946ede51a7a1881a94901eb74b6c134ee435b","10","False","False","0","True","0,3105816","0,3105318","0,109375","0,125","0,25","0,8050705273984822","28053504","48128000","18497","39","2","47968","2002","12","1",,,"10,53125",,"1789331684749","5a03ad37edbd74277cdca0e057136b42f9aad28ed3db380fcb03022824fbd562","C:\Users\sampo\git\GitComet\target\linker-bench\20260913-main\runs\shipping-release-preparation-lld-20260913T203428363-6fe55abc\links\1789331684746914700-30488\metrics.json"
"shipping-release-preparation-lld-20260913T203428363-6fe55abc","1789331684901229300-8456","shipping-release-preparation-lld-20260913T203428363-6fe55abc",,,"shipping-release","preparation","linker","lld",,"132e72528e74f93c355aeac362662d00fd33373af4b5eb02f52883463ae1ff72","warm-filesystem","fresh","none","50",,"False","914e490657920fadfb7089b77c6946ede51a7a1881a94901eb74b6c134ee435b","10","False","False","0","True","0,3209554","0,3930087","0,15625","0,109375","0,265625","0,6758756231096157","28958720","68485120","19045","8","2","62311","2020","13","1",,,"12,765625",,"1789331684907","bb313abc16f82da5ebed28ce6a53a151fd4bbe0f268da7045bdc0caf2f36afde","C:\Users\sampo\git\GitComet\target\linker-bench\20260913-main\runs\shipping-release-preparation-lld-20260913T203428363-6fe55abc\links\1789331684901229300-8456\metrics.json"
"shipping-release-preparation-lld-20260913T203428363-6fe55abc","1789331685184014800-14492","shipping-release-preparation-lld-20260913T203428363-6fe55abc",,,"shipping-release","preparation","linker","lld",,"132e72528e74f93c355aeac362662d00fd33373af4b5eb02f52883463ae1ff72","warm-filesystem","fresh","none","50",,"False","914e490657920fadfb7089b77c6946ede51a7a1881a94901eb74b6c134ee435b","10","False","False","0","True","0,2717022","0,2728888","0,171875","0,09375","0,265625","0,9733818317204664","29700096","51056640","19516","38","2","47980","2058","12","1",,,"8,234375",,"1789331685186","7fb46136cdb84d364f3509ba2a761719ebac6010f489e82fef965cac413e051c","C:\Users\sampo\git\GitComet\target\linker-bench\20260913-main\runs\shipping-release-preparation-lld-20260913T203428363-6fe55abc\links\1789331685184014800-14492\metrics.json"
"shipping-release-preparation-lld-20260913T203428363-6fe55abc","1789331686022331000-26628","shipping-release-preparation-lld-20260913T203428363-6fe55abc",,,"shipping-release","preparation","linker","lld",,"132e72528e74f93c355aeac362662d00fd33373af4b5eb02f52883463ae1ff72","warm-filesystem","fresh","none","50",,"False","914e490657920fadfb7089b77c6946ede51a7a1881a94901eb74b6c134ee435b","10","False","False","0","True","0,3813662","0,4135827","0,46875","0,34375","0,84375","2,040099839766025","32731136","67969024","21020","39","2","62623","2020","13","1",,,"12,1875",,"1789331686028","9308d82b969b001070880ccba36d064ca85b0bdcc6c3ec33ac6c1d38658bf6be","C:\Users\sampo\git\GitComet\target\linker-bench\20260913-main\runs\shipping-release-preparation-lld-20260913T203428363-6fe55abc\links\1789331686022331000-26628\metrics.json"
"shipping-release-preparation-lld-20260913T203428363-6fe55abc","1789331687307939400-27832","shipping-release-preparation-lld-20260913T203428363-6fe55abc",,,"shipping-release","preparation","linker","lld",,"132e72528e74f93c355aeac362662d00fd33373af4b5eb02f52883463ae1ff72","warm-filesystem","fresh","none","50",,"False","914e490657920fadfb7089b77c6946ede51a7a1881a94901eb74b6c134ee435b","10","False","False","0","True","0,3209036","0,3332075","0,203125","0,140625","0,359375","1,0785321458850716","30883840","48816128","20316","6","2","62331","1970","13","1",,,"11,03125",,"1789331687314","4ccf0966a49ce6b0743187cb24715ecb2a10337a78a0b3bf5278866d8c11d870","C:\Users\sampo\git\GitComet\target\linker-bench\20260913-main\runs\shipping-release-preparation-lld-20260913T203428363-6fe55abc\links\1789331687307939400-27832\metrics.json"
"shipping-release-preparation-lld-20260913T203428363-6fe55abc","1789331687386612300-4588","shipping-release-preparation-lld-20260913T203428363-6fe55abc",,,"shipping-release","preparation","linker","lld",,"132e72528e74f93c355aeac362662d00fd33373af4b5eb02f52883463ae1ff72","warm-filesystem","fresh","none","50",,"False","914e490657920fadfb7089b77c6946ede51a7a1881a94901eb74b6c134ee435b","10","False","False","0","True","0,3188673","0,3168102","0,125","0,09375","0,234375","0,7397962565599214","30203904","37138432","19595","8","2","62027","1964","13","1",,,"10,265625",,"1789331687393","b2b8723389d03569cd173db6d096c2193ae944af1c9bb94f0c59ae22b8ba0e68","C:\Users\sampo\git\GitComet\target\linker-bench\20260913-main\runs\shipping-release-preparation-lld-20260913T203428363-6fe55abc\links\1789331687386612300-4588\metrics.json"
"shipping-release-preparation-lld-20260913T203428363-6fe55abc","1789331687712249400-11596","shipping-release-preparation-lld-20260913T203428363-6fe55abc",,,"shipping-release","preparation","linker","lld",,"132e72528e74f93c355aeac362662d00fd33373af4b5eb02f52883463ae1ff72","warm-filesystem","fresh","none","50",,"False","914e490657920fadfb7089b77c6946ede51a7a1881a94901eb74b6c134ee435b","10","False","False","0","True","0,3007497","0,2991701","0,171875","0,125","0,3125","1,0445562574602207","31535104","58347520","20591","42","2","62094","1974","13","1",,,"9,578125",,"1789331687718","e642915c16492ee49f8f1c958241ab2abf83fcf5d42c5e182545c31e2459d5b9","C:\Users\sampo\git\GitComet\target\linker-bench\20260913-main\runs\shipping-release-preparation-lld-20260913T203428363-6fe55abc\links\1789331687712249400-11596\metrics.json"
"shipping-release-preparation-lld-20260913T203428363-6fe55abc","1789331688202322000-24648","shipping-release-preparation-lld-20260913T203428363-6fe55abc",,,"shipping-release","preparation","linker","lld",,"132e72528e74f93c355aeac362662d00fd33373af4b5eb02f52883463ae1ff72","warm-filesystem","fresh","none","50",,"False","914e490657920fadfb7089b77c6946ede51a7a1881a94901eb74b6c134ee435b","10","False","False","0","True","0,2229019","0,2454033","0,03125","0,0625","0,109375","0,44569490304327614","12869632","19542016","9230","6","2","43122","0","10","0",,,"8,15625",,"1789331688204","5094c8335d1a65ae91a10ee4066d0676dd52810d55e6633de8492a76759a617d","C:\Users\sampo\git\GitComet\target\linker-bench\20260913-main\runs\shipping-release-preparation-lld-20260913T203428363-6fe55abc\links\1789331688202322000-24648\metrics.json"
"shipping-release-preparation-lld-20260913T203428363-6fe55abc","1789331688210551200-6708","shipping-release-preparation-lld-20260913T203428363-6fe55abc",,,"shipping-release","preparation","linker","lld",,"132e72528e74f93c355aeac362662d00fd33373af4b5eb02f52883463ae1ff72","warm-filesystem","fresh","none","50",,"False","914e490657920fadfb7089b77c6946ede51a7a1881a94901eb74b6c134ee435b","10","False","False","0","True","0,2272778","0,2969016","0,0625","0,078125","0,171875","0,5788954993843078","13721600","29679616","9740","1","2","43134","0","10","0",,,"9,328125",,"1789331688213","1eaab60c6f334cfd9f697564a699bf75f42c57c0ce8c686d27ed09c43e0a45cc","C:\Users\sampo\git\GitComet\target\linker-bench\20260913-main\runs\shipping-release-preparation-lld-20260913T203428363-6fe55abc\links\1789331688210551200-6708\metrics.json"
"shipping-release-preparation-lld-20260913T203428363-6fe55abc","1789331688652753100-2720","shipping-release-preparation-lld-20260913T203428363-6fe55abc",,,"shipping-release","preparation","linker","lld",,"132e72528e74f93c355aeac362662d00fd33373af4b5eb02f52883463ae1ff72","warm-filesystem","fresh","none","50",,"False","914e490657920fadfb7089b77c6946ede51a7a1881a94901eb74b6c134ee435b","10","False","False","0","True","0,3117116","0,3927415","0,296875","0,296875","0,625","1,5913775345869992","35196928","67768320","22988","39","2","63272","2030","13","1",,,"12,375",,"1789331688659","4ee1c66f8b8601a6e6b5715516bd6c0c78fc52c4bd01782e6d33165bbb4d875e","C:\Users\sampo\git\GitComet\target\linker-bench\20260913-main\runs\shipping-release-preparation-lld-20260913T203428363-6fe55abc\links\1789331688652753100-2720\metrics.json"
"shipping-release-preparation-lld-20260913T203428363-6fe55abc","1789331691304249200-4688","shipping-release-preparation-lld-20260913T203428363-6fe55abc",,,"shipping-release","preparation","linker","lld",,"132e72528e74f93c355aeac362662d00fd33373af4b5eb02f52883463ae1ff72","warm-filesystem","fresh","none","50",,"False","914e490657920fadfb7089b77c6946ede51a7a1881a94901eb74b6c134ee435b","10","False","False","0","True","0,2824214","0,2825597","0,109375","0,15625","0,28125","0,9953648733347323","25382912","43069440","17320","8","2","52408","1946","13","1",,,"8,984375",,"1789331691314","0515b6d9e0984815b19bd722c07b2f3e51cf0037d5a121c641d25ae28e4ff70c","C:\Users\sampo\git\GitComet\target\linker-bench\20260913-main\runs\shipping-release-preparation-lld-20260913T203428363-6fe55abc\links\1789331691304249200-4688\metrics.json"
"shipping-release-preparation-lld-20260913T203428363-6fe55abc","1789331692881897500-7180","shipping-release-preparation-lld-20260913T203428363-6fe55abc",,,"shipping-release","preparation","linker","lld",,"132e72528e74f93c355aeac362662d00fd33373af4b5eb02f52883463ae1ff72","warm-filesystem","fresh","none","50",,"False","914e490657920fadfb7089b77c6946ede51a7a1881a94901eb74b6c134ee435b","10","False","False","0","True","0,2460291","0,2753092","0,046875","0,140625","0,203125","0,7378068004992205","20619264","39870464","14070","38","2","52712","0","11","0",,,"9,0625",,"1789331692884","0eaf7caf62b5b76a48d7ac6fdb862d64d162724929d7849bd5db4ab44e12f80a","C:\Users\sampo\git\GitComet\target\linker-bench\20260913-main\runs\shipping-release-preparation-lld-20260913T203428363-6fe55abc\links\1789331692881897500-7180\metrics.json"
"shipping-release-preparation-lld-20260913T203428363-6fe55abc","1789331692997054900-21796","shipping-release-preparation-lld-20260913T203428363-6fe55abc",,,"shipping-release","preparation","linker","lld",,"132e72528e74f93c355aeac362662d00fd33373af4b5eb02f52883463ae1ff72","warm-filesystem","fresh","none","50",,"False","914e490657920fadfb7089b77c6946ede51a7a1881a94901eb74b6c134ee435b","10","False","False","0","True","0,2426958","0,2702769","0,078125","0,015625","0,125","0,46248865515328913","20332544","40693760","13935","39","2","43158","0","10","0",,,"8,6875",,"1789331692999","626610becaaf0fb5448daea93397632e6712ee92ab1009e0dbb7f392a68fcfd6","C:\Users\sampo\git\GitComet\target\linker-bench\20260913-main\runs\shipping-release-preparation-lld-20260913T203428363-6fe55abc\links\1789331692997054900-21796\metrics.json"
"shipping-release-preparation-lld-20260913T203428363-6fe55abc","1789331693002137700-31528","shipping-release-preparation-lld-20260913T203428363-6fe55abc",,,"shipping-release","preparation","linker","lld",,"132e72528e74f93c355aeac362662d00fd33373af4b5eb02f52883463ae1ff72","warm-filesystem","fresh","none","50",,"False","914e490657920fadfb7089b77c6946ede51a7a1881a94901eb74b6c134ee435b","10","False","False","0","True","0,2447822","0,2442992","0,125","0,0625","0,203125","0,8314599474742447","20062208","34226176","13976","38","2","52712","0","11","0",,,"8,125",,"1789331693006","724bdae02546a309e028e399f5b05c8aca31a962d073aba8b5cdd1e314442f60","C:\Users\sampo\git\GitComet\target\linker-bench\20260913-main\runs\shipping-release-preparation-lld-20260913T203428363-6fe55abc\links\1789331693002137700-31528\metrics.json"
"shipping-release-preparation-lld-20260913T203428363-6fe55abc","1789331693003524200-25724","shipping-release-preparation-lld-20260913T203428363-6fe55abc",,,"shipping-release","preparation","linker","lld",,"132e72528e74f93c355aeac362662d00fd33373af4b5eb02f52883463ae1ff72","warm-filesystem","fresh","none","50",,"False","914e490657920fadfb7089b77c6946ede51a7a1881a94901eb74b6c134ee435b","10","False","False","0","True","0,2327258","0,2640907","0,1875","0,078125","0,28125","1,0649750256256656","20717568","42115072","13941","38","2","43158","0","10","0",,,"8,640625",,"1789331693006","89475acebc10713fa50d6186a4900d5229e3291fe04a7134a1a28b4fc02494a6","C:\Users\sampo\git\GitComet\target\linker-bench\20260913-main\runs\shipping-release-preparation-lld-20260913T203428363-6fe55abc\links\1789331693003524200-25724\metrics.json"
"shipping-release-preparation-lld-20260913T203428363-6fe55abc","1789331693206920300-15420","shipping-release-preparation-lld-20260913T203428363-6fe55abc",,,"shipping-release","preparation","linker","lld",,"132e72528e74f93c355aeac362662d00fd33373af4b5eb02f52883463ae1ff72","warm-filesystem","fresh","none","50",,"False","914e490657920fadfb7089b77c6946ede51a7a1881a94901eb74b6c134ee435b","10","False","False","0","True","0,2117331","0,2370611","0,171875","0,375","0,546875","2,3068947203906505","19873792","38928384","13810","38","2","43158","0","10","0",,,"7,515625",,"1789331693209","d333b22907626daadc168b86731d5c3f22a66e0180769846ecf5cdcb33056bd1","C:\Users\sampo\git\GitComet\target\linker-bench\20260913-main\runs\shipping-release-preparation-lld-20260913T203428363-6fe55abc\links\1789331693206920300-15420\metrics.json"
"shipping-release-preparation-lld-20260913T203428363-6fe55abc","1789331693374050100-28164","shipping-release-preparation-lld-20260913T203428363-6fe55abc",,,"shipping-release","preparation","linker","lld",,"132e72528e74f93c355aeac362662d00fd33373af4b5eb02f52883463ae1ff72","warm-filesystem","fresh","none","50",,"False","914e490657920fadfb7089b77c6946ede51a7a1881a94901eb74b6c134ee435b","10","False","False","0","True","0,2654061","0,2731832","0,171875","0,109375","0,28125","1,0295289022165346","20111360","8847360","13980","1","2","52716","0","11","0",,,"8,71875",,"1789331693376","1ed03b16cb7d0d95b5855a1b3a5db7c61da56b52c77e999dedb1e1d50f6c892c","C:\Users\sampo\git\GitComet\target\linker-bench\20260913-main\runs\shipping-release-preparation-lld-20260913T203428363-6fe55abc\links\1789331693374050100-28164\metrics.json"
"shipping-release-preparation-lld-20260913T203428363-6fe55abc","1789331693395598100-24716","shipping-release-preparation-lld-20260913T203428363-6fe55abc",,,"shipping-release","preparation","linker","lld",,"132e72528e74f93c355aeac362662d00fd33373af4b5eb02f52883463ae1ff72","warm-filesystem","fresh","none","50",,"False","914e490657920fadfb7089b77c6946ede51a7a1881a94901eb74b6c134ee435b","10","False","False","0","True","0,3513388","0,3554855","0,375","0,203125","0,59375","1,6702509666357699","20353024","27492352","13766","7","2","43138","0","10","0",,,"11,53125",,"1789331693398","7cab2ef180fe60d6a6abe5cbf5396fa76ff33cc7156c30fb965524ffd6ecda7d","C:\Users\sampo\git\GitComet\target\linker-bench\20260913-main\runs\shipping-release-preparation-lld-20260913T203428363-6fe55abc\links\1789331693395598100-24716\metrics.json"
"shipping-release-preparation-lld-20260913T203428363-6fe55abc","1789331693424972100-23996","shipping-release-preparation-lld-20260913T203428363-6fe55abc",,,"shipping-release","preparation","linker","lld",,"132e72528e74f93c355aeac362662d00fd33373af4b5eb02f52883463ae1ff72","warm-filesystem","fresh","none","50",,"False","914e490657920fadfb7089b77c6946ede51a7a1881a94901eb74b6c134ee435b","10","False","False","0","True","0,3073898","0,3133932","0,09375","0,0625","0,171875","0,548432448438575","21159936","31494144","14304","6","2","52724","0","11","0",,,"10,765625",,"1789331693444","6cdbea0c73753ab85d5a1dab69b0492f602db02584dac8b67225e4afcd34076c","C:\Users\sampo\git\GitComet\target\linker-bench\20260913-main\runs\shipping-release-preparation-lld-20260913T203428363-6fe55abc\links\1789331693424972100-23996\metrics.json"
"shipping-release-preparation-lld-20260913T203428363-6fe55abc","1789331693448623200-18392","shipping-release-preparation-lld-20260913T203428363-6fe55abc",,,"shipping-release","preparation","linker","lld",,"132e72528e74f93c355aeac362662d00fd33373af4b5eb02f52883463ae1ff72","warm-filesystem","fresh","none","50",,"False","914e490657920fadfb7089b77c6946ede51a7a1881a94901eb74b6c134ee435b","10","False","False","0","True","0,2703058","0,2858342","0,09375","0,078125","0,1875","0,6559746874236884","19988480","33447936","13834","7","2","43134","0","10","0",,,"9,84375",,"1789331693451","eeaf92e049365612dfdbb5186907dea98cb8273a277af78932c7a1f4b5085bdf","C:\Users\sampo\git\GitComet\target\linker-bench\20260913-main\runs\shipping-release-preparation-lld-20260913T203428363-6fe55abc\links\1789331693448623200-18392\metrics.json"
"shipping-release-preparation-lld-20260913T203428363-6fe55abc","1789331693506979900-9236","shipping-release-preparation-lld-20260913T203428363-6fe55abc",,,"shipping-release","preparation","linker","lld",,"132e72528e74f93c355aeac362662d00fd33373af4b5eb02f52883463ae1ff72","warm-filesystem","fresh","none","50",,"False","914e490657920fadfb7089b77c6946ede51a7a1881a94901eb74b6c134ee435b","10","False","False","0","True","0,2575607","0,3083297","0,125","0,21875","0,359375","1,1655542751801076","20570112","44642304","13869","38","2","43158","0","10","0",,,"9,359375",,"1789331693509","7a68ef03e27a8ab6625cf5b0e1c6e3ebd9b934c94f86062f213e937683e883fa","C:\Users\sampo\git\GitComet\target\linker-bench\20260913-main\runs\shipping-release-preparation-lld-20260913T203428363-6fe55abc\links\1789331693506979900-9236\metrics.json"
"shipping-release-preparation-lld-20260913T203428363-6fe55abc","1789331693526182400-28524","shipping-release-preparation-lld-20260913T203428363-6fe55abc",,,"shipping-release","preparation","linker","lld",,"132e72528e74f93c355aeac362662d00fd33373af4b5eb02f52883463ae1ff72","warm-filesystem","fresh","none","50",,"False","914e490657920fadfb7089b77c6946ede51a7a1881a94901eb74b6c134ee435b","10","False","False","0","True","0,3369194","0,3439508","0,171875","0,078125","0,265625","0,7722761511239398","20353024","25673728","13928","6","2","52712","0","11","0",,,"12,015625",,"1789331693540","88405c4c9618ca84e26910f607489b4373722f09768ba61a07798d3e59b59a36","C:\Users\sampo\git\GitComet\target\linker-bench\20260913-main\runs\shipping-release-preparation-lld-20260913T203428363-6fe55abc\links\1789331693526182400-28524\metrics.json"
"shipping-release-preparation-lld-20260913T203428363-6fe55abc","1789331693554925600-19180","shipping-release-preparation-lld-20260913T203428363-6fe55abc",,,"shipping-release","preparation","linker","lld",,"132e72528e74f93c355aeac362662d00fd33373af4b5eb02f52883463ae1ff72","warm-filesystem","fresh","none","50",,"False","914e490657920fadfb7089b77c6946ede51a7a1881a94901eb74b6c134ee435b","10","False","False","0","True","0,2543717","0,2775119","0,0625","0,125","0,21875","0,7882544856634978","19664896","34189312","13831","39","2","43166","0","10","0",,,"8,96875",,"1789331693557","5468fe330708decff145d9279a894be4e6f328b751f297f00195a572387d132e","C:\Users\sampo\git\GitComet\target\linker-bench\20260913-main\runs\shipping-release-preparation-lld-20260913T203428363-6fe55abc\links\1789331693554925600-19180\metrics.json"
"shipping-release-preparation-lld-20260913T203428363-6fe55abc","1789331693662747500-9956","shipping-release-preparation-lld-20260913T203428363-6fe55abc",,,"shipping-release","preparation","linker","lld",,"132e72528e74f93c355aeac362662d00fd33373af4b5eb02f52883463ae1ff72","warm-filesystem","fresh","none","50",,"False","914e490657920fadfb7089b77c6946ede51a7a1881a94901eb74b6c134ee435b","10","False","False","0","True","0,290469","0,286911","0,0625","0,125","0,1875","0,6535127617972123","20676608","32743424","13993","38","2","43166","0","10","0",,,"9,21875",,"1789331693665","9d1115975a6f96db0f668b25b92e8805d3468cedd21d1828b0973672799db66a","C:\Users\sampo\git\GitComet\target\linker-bench\20260913-main\runs\shipping-release-preparation-lld-20260913T203428363-6fe55abc\links\1789331693662747500-9956\metrics.json"
"shipping-release-preparation-lld-20260913T203428363-6fe55abc","1789331693770944100-9280","shipping-release-preparation-lld-20260913T203428363-6fe55abc",,,"shipping-release","preparation","linker","lld",,"132e72528e74f93c355aeac362662d00fd33373af4b5eb02f52883463ae1ff72","warm-filesystem","fresh","none","50",,"False","914e490657920fadfb7089b77c6946ede51a7a1881a94901eb74b6c134ee435b","10","False","False","0","True","0,246738","0,3758945","0,09375","0,078125","0,1875","0,4988101714709845","20500480","47054848","14023","37","2","52716","0","11","0",,,"12,8125",,"1789331693777","69faa086ce66159e745586dc36e7b96de128ca54fc227d39b05252d1da7bba56","C:\Users\sampo\git\GitComet\target\linker-bench\20260913-main\runs\shipping-release-preparation-lld-20260913T203428363-6fe55abc\links\1789331693770944100-9280\metrics.json"
"shipping-release-preparation-lld-20260913T203428363-6fe55abc","1789331693875404100-3912","shipping-release-preparation-lld-20260913T203428363-6fe55abc",,,"shipping-release","preparation","linker","lld",,"132e72528e74f93c355aeac362662d00fd33373af4b5eb02f52883463ae1ff72","warm-filesystem","fresh","none","50",,"False","914e490657920fadfb7089b77c6946ede51a7a1881a94901eb74b6c134ee435b","10","False","False","0","True","0,2730265","0,3250318","0,109375","0,125","0,25","0,7691555103223746","20115456","34426880","13869","40","2","43158","0","10","0",,,"10,421875",,"1789331693877","ee986035fb11faacc43a2877f938bf8dc7e42c3179b487043dec4a1fd6ff3e4d","C:\Users\sampo\git\GitComet\target\linker-bench\20260913-main\runs\shipping-release-preparation-lld-20260913T203428363-6fe55abc\links\1789331693875404100-3912\metrics.json"
"shipping-release-preparation-lld-20260913T203428363-6fe55abc","1789331693973123900-15132","shipping-release-preparation-lld-20260913T203428363-6fe55abc",,,"shipping-release","preparation","linker","lld",,"132e72528e74f93c355aeac362662d00fd33373af4b5eb02f52883463ae1ff72","warm-filesystem","fresh","none","50",,"False","914e490657920fadfb7089b77c6946ede51a7a1881a94901eb74b6c134ee435b","10","False","False","0","True","0,3483386","0,3522775","0,140625","0,125","0,265625","0,7540220422820078","20770816","27734016","14147","6","2","52716","0","11","0",,,"11,65625",,"1789331694003","4ba4b54ee9576339c4e090db0615c6ca62e9191c537822d391b62f0e4651c075","C:\Users\sampo\git\GitComet\target\linker-bench\20260913-main\runs\shipping-release-preparation-lld-20260913T203428363-6fe55abc\links\1789331693973123900-15132\metrics.json"
"shipping-release-preparation-lld-20260913T203428363-6fe55abc","1789331693976629800-13736","shipping-release-preparation-lld-20260913T203428363-6fe55abc",,,"shipping-release","preparation","linker","lld",,"132e72528e74f93c355aeac362662d00fd33373af4b5eb02f52883463ae1ff72","warm-filesystem","fresh","none","50",,"False","914e490657920fadfb7089b77c6946ede51a7a1881a94901eb74b6c134ee435b","10","False","False","0","True","0,3570713","0,3644965","0,15625","0,078125","0,28125","0,7716123474436655","20090880","13668352","13806","6","2","43158","0","10","0",,,"11,234375",,"1789331693979","f584904af1b7b6ce0d374f7995f84fccc07ea1b11e33122896ce8e95af69200a","C:\Users\sampo\git\GitComet\target\linker-bench\20260913-main\runs\shipping-release-preparation-lld-20260913T203428363-6fe55abc\links\1789331693976629800-13736\metrics.json"
"shipping-release-preparation-lld-20260913T203428363-6fe55abc","1789331693990386600-31156","shipping-release-preparation-lld-20260913T203428363-6fe55abc",,,"shipping-release","preparation","linker","lld",,"132e72528e74f93c355aeac362662d00fd33373af4b5eb02f52883463ae1ff72","warm-filesystem","fresh","none","50",,"False","914e490657920fadfb7089b77c6946ede51a7a1881a94901eb74b6c134ee435b","10","False","False","0","True","0,2384656","0,3291932","0,125","0,09375","0,234375","0,7119679264334743","20123648","46768128","13856","1","2","43158","0","10","0",,,"10,5",,"1789331693993","2467aa8f83df8d4c2823400ebc2f24cc5cf61b8f9ac85a8d4cfc286e301cfbb6","C:\Users\sampo\git\GitComet\target\linker-bench\20260913-main\runs\shipping-release-preparation-lld-20260913T203428363-6fe55abc\links\1789331693990386600-31156\metrics.json"
"shipping-release-preparation-lld-20260913T203428363-6fe55abc","1789331694001075900-2720","shipping-release-preparation-lld-20260913T203428363-6fe55abc",,,"shipping-release","preparation","linker","lld",,"132e72528e74f93c355aeac362662d00fd33373af4b5eb02f52883463ae1ff72","warm-filesystem","fresh","none","50",,"False","914e490657920fadfb7089b77c6946ede51a7a1881a94901eb74b6c134ee435b","10","False","False","0","True","0,3106697","0,3384483","0,109375","0,09375","0,21875","0,6463320985804922","20013056","26492928","13978","6","2","52716","0","11","0",,,"10,78125",,"1789331694005","9e92f6a9a78c0e81fc12db7ded4f24df590a342b3f44416d30ff94926d869956","C:\Users\sampo\git\GitComet\target\linker-bench\20260913-main\runs\shipping-release-preparation-lld-20260913T203428363-6fe55abc\links\1789331694001075900-2720\metrics.json"
"shipping-release-preparation-lld-20260913T203428363-6fe55abc","1789331694047130300-10484","shipping-release-preparation-lld-20260913T203428363-6fe55abc",,,"shipping-release","preparation","linker","lld",,"132e72528e74f93c355aeac362662d00fd33373af4b5eb02f52883463ae1ff72","warm-filesystem","fresh","none","50",,"False","914e490657920fadfb7089b77c6946ede51a7a1881a94901eb74b6c134ee435b","10","False","False","0","True","0,2926738","0,3279248","0,09375","0,0625","0,171875","0,5241293125741023","20099072","36208640","13798","39","2","52724","0","11","0",,,"10,390625",,"1789331694050","3a1a23da6d6a2cb7b9f752abc2bb5a5c2f3863649351baa4d788cb39fcc0410b","C:\Users\sampo\git\GitComet\target\linker-bench\20260913-main\runs\shipping-release-preparation-lld-20260913T203428363-6fe55abc\links\1789331694047130300-10484\metrics.json"
"shipping-release-preparation-lld-20260913T203428363-6fe55abc","1789331694083791300-24976","shipping-release-preparation-lld-20260913T203428363-6fe55abc",,,"shipping-release","preparation","linker","lld",,"132e72528e74f93c355aeac362662d00fd33373af4b5eb02f52883463ae1ff72","warm-filesystem","fresh","none","50",,"False","914e490657920fadfb7089b77c6946ede51a7a1881a94901eb74b6c134ee435b","10","False","False","0","True","0,2508495","0,2620296","0,171875","0,078125","0,265625","1,0137213505649745","20652032","34893824","13810","41","2","43158","0","10","0",,,"8,40625",,"1789331694094","7bcaa9aa3d4bda725c28441b277676747a14247fa1f84b0d0e0d4b90e77fe5b5","C:\Users\sampo\git\GitComet\target\linker-bench\20260913-main\runs\shipping-release-preparation-lld-20260913T203428363-6fe55abc\links\1789331694083791300-24976\metrics.json"
"shipping-release-preparation-lld-20260913T203428363-6fe55abc","1789331694152447500-24232","shipping-release-preparation-lld-20260913T203428363-6fe55abc",,,"shipping-release","preparation","linker","lld",,"132e72528e74f93c355aeac362662d00fd33373af4b5eb02f52883463ae1ff72","warm-filesystem","fresh","none","50",,"False","914e490657920fadfb7089b77c6946ede51a7a1881a94901eb74b6c134ee435b","10","False","False","0","True","0,2725098","0,3750059","0,1875","0,109375","0,3125","0,8333202224285005","20168704","39215104","13870","37","2","52740","0","11","0",,,"12,21875",,"1789331694154","53ad5359e69044728f8f7c4f96ae5c67503b5e56624b559da2dfb8beea8784b5","C:\Users\sampo\git\GitComet\target\linker-bench\20260913-main\runs\shipping-release-preparation-lld-20260913T203428363-6fe55abc\links\1789331694152447500-24232\metrics.json"
"shipping-release-preparation-lld-20260913T203428363-6fe55abc","1789331694210257600-30432","shipping-release-preparation-lld-20260913T203428363-6fe55abc",,,"shipping-release","preparation","linker","lld",,"132e72528e74f93c355aeac362662d00fd33373af4b5eb02f52883463ae1ff72","warm-filesystem","fresh","none","50",,"False","914e490657920fadfb7089b77c6946ede51a7a1881a94901eb74b6c134ee435b","10","False","False","0","True","0,2629107","0,3741937","0,0625","0,140625","0,21875","0,5845902803815243","20865024","42422272","14048","39","2","52716","0","11","0",,,"12",,"1789331694212","5ad221bd6cacdf053dabe5821829e08ba178814ecba180f1ec3226c1c835f892","C:\Users\sampo\git\GitComet\target\linker-bench\20260913-main\runs\shipping-release-preparation-lld-20260913T203428363-6fe55abc\links\1789331694210257600-30432\metrics.json"
"shipping-release-preparation-lld-20260913T203428363-6fe55abc","1789331694431976000-30008","shipping-release-preparation-lld-20260913T203428363-6fe55abc",,,"shipping-release","preparation","linker","lld",,"132e72528e74f93c355aeac362662d00fd33373af4b5eb02f52883463ae1ff72","warm-filesystem","fresh","none","50",,"False","914e490657920fadfb7089b77c6946ede51a7a1881a94901eb74b6c134ee435b","10","False","False","0","True","0,2626963","0,3203967","0,15625","0,0625","0,21875","0,6827473566363199","19513344","38858752","13663","38","2","43158","0","10","0",,,"9,96875",,"1789331694434","c73d251dba572e472daee5590ce4c9b6ac98dcc5cf1dc8a1607d5f0903f7941f","C:\Users\sampo\git\GitComet\target\linker-bench\20260913-main\runs\shipping-release-preparation-lld-20260913T203428363-6fe55abc\links\1789331694431976000-30008\metrics.json"
"shipping-release-preparation-lld-20260913T203428363-6fe55abc","1789331694443960300-17224","shipping-release-preparation-lld-20260913T203428363-6fe55abc",,,"shipping-release","preparation","linker","lld",,"132e72528e74f93c355aeac362662d00fd33373af4b5eb02f52883463ae1ff72","warm-filesystem","fresh","none","50",,"False","914e490657920fadfb7089b77c6946ede51a7a1881a94901eb74b6c134ee435b","10","False","False","0","True","0,2438731","0,3699297","0,203125","0,1875","0,40625","1,0981816274821947","20627456","44879872","13983","38","2","52728","0","11","0",,,"11,421875",,"1789331694446","91bd5f27b4bd427b587cc3a07ab01f95e5c28f72f8349dc8b05038157a52d2fa","C:\Users\sampo\git\GitComet\target\linker-bench\20260913-main\runs\shipping-release-preparation-lld-20260913T203428363-6fe55abc\links\1789331694443960300-17224\metrics.json"
"shipping-release-preparation-lld-20260913T203428363-6fe55abc","1789331694468118300-31720","shipping-release-preparation-lld-20260913T203428363-6fe55abc",,,"shipping-release","preparation","linker","lld",,"132e72528e74f93c355aeac362662d00fd33373af4b5eb02f52883463ae1ff72","warm-filesystem","fresh","none","50",,"False","914e490657920fadfb7089b77c6946ede51a7a1881a94901eb74b6c134ee435b","10","False","False","0","True","0,2676674","0,2785189","0,078125","0,109375","0,1875","0,6732038651595995","20168704","33153024","13898","7","2","52712","0","11","0",,,"8,8125",,"1789331694470","b80576fc9af2bb3b7c2545952fdf70dcca2f9a395537e64dca6005d2b218c626","C:\Users\sampo\git\GitComet\target\linker-bench\20260913-main\runs\shipping-release-preparation-lld-20260913T203428363-6fe55abc\links\1789331694468118300-31720\metrics.json"
"shipping-release-preparation-lld-20260913T203428363-6fe55abc","1789331694468932700-19044","shipping-release-preparation-lld-20260913T203428363-6fe55abc",,,"shipping-release","preparation","linker","lld",,"132e72528e74f93c355aeac362662d00fd33373af4b5eb02f52883463ae1ff72","warm-filesystem","fresh","none","50",,"False","914e490657920fadfb7089b77c6946ede51a7a1881a94901eb74b6c134ee435b","10","False","False","0","True","0,2838915","0,2871384","0,1875","0,046875","0,234375","0,8162440133399085","19890176","27774976","13712","7","2","43158","0","10","0",,,"9,265625",,"1789331694471","b4dc740a457740434474c790e2c153d7859aa00f2d3a26a8c85626f15797ef4a","C:\Users\sampo\git\GitComet\target\linker-bench\20260913-main\runs\shipping-release-preparation-lld-20260913T203428363-6fe55abc\links\1789331694468932700-19044\metrics.json"
"shipping-release-preparation-lld-20260913T203428363-6fe55abc","1789331694514792600-4856","shipping-release-preparation-lld-20260913T203428363-6fe55abc",,,"shipping-release","preparation","linker","lld",,"132e72528e74f93c355aeac362662d00fd33373af4b5eb02f52883463ae1ff72","warm-filesystem","fresh","none","50",,"False","914e490657920fadfb7089b77c6946ede51a7a1881a94901eb74b6c134ee435b","10","False","False","0","True","0,2832828","0,2976704","0,171875","0,015625","0,203125","0,682382259035497","20619264","34074624","14081","8","2","52712","0","11","0",,,"9,625",,"1789331694518","c1128455274cf21d62566649dedb90d8af6f329d0b1e99cbe763f2e58a0319f9","C:\Users\sampo\git\GitComet\target\linker-bench\20260913-main\runs\shipping-release-preparation-lld-20260913T203428363-6fe55abc\links\1789331694514792600-4856\metrics.json"
"shipping-release-preparation-lld-20260913T203428363-6fe55abc","1789331694532535500-10288","shipping-release-preparation-lld-20260913T203428363-6fe55abc",,,"shipping-release","preparation","linker","lld",,"132e72528e74f93c355aeac362662d00fd33373af4b5eb02f52883463ae1ff72","warm-filesystem","fresh","none","50",,"False","914e490657920fadfb7089b77c6946ede51a7a1881a94901eb74b6c134ee435b","10","False","False","0","True","0,2742305","0,3641022","0,078125","0,0625","0,171875","0,47205152838955655","20307968","46010368","14017","38","2","52712","0","11","0",,,"12,015625",,"1789331694535","679cbf71fe8192f1d0b1d6fa6f2a76a0677e5b02be8fd6b557648228b324a2ad","C:\Users\sampo\git\GitComet\target\linker-bench\20260913-main\runs\shipping-release-preparation-lld-20260913T203428363-6fe55abc\links\1789331694532535500-10288\metrics.json"
"shipping-release-preparation-lld-20260913T203428363-6fe55abc","1789331694572546000-17060","shipping-release-preparation-lld-20260913T203428363-6fe55abc",,,"shipping-release","preparation","linker","lld",,"132e72528e74f93c355aeac362662d00fd33373af4b5eb02f52883463ae1ff72","warm-filesystem","fresh","none","50",,"False","914e490657920fadfb7089b77c6946ede51a7a1881a94901eb74b6c134ee435b","10","False","False","0","True","0,3080717","0,3430166","0,078125","0,125","0,234375","0,6832759697344093","20971520","33116160","14168","39","2","52712","0","11","0",,,"10,765625",,"1789331694575","6c0180baacf8f41c26e63e75524532ad64e198b45c3ddf37a18b189e566d203f","C:\Users\sampo\git\GitComet\target\linker-bench\20260913-main\runs\shipping-release-preparation-lld-20260913T203428363-6fe55abc\links\1789331694572546000-17060\metrics.json"
"shipping-release-preparation-lld-20260913T203428363-6fe55abc","1789331694577780300-10016","shipping-release-preparation-lld-20260913T203428363-6fe55abc",,,"shipping-release","preparation","linker","lld",,"132e72528e74f93c355aeac362662d00fd33373af4b5eb02f52883463ae1ff72","warm-filesystem","fresh","none","50",,"False","914e490657920fadfb7089b77c6946ede51a7a1881a94901eb74b6c134ee435b","10","False","False","0","True","0,2301522","0,2305764","0,140625","0,109375","0,28125","1,2197692391762558","21073920","8888320","14032","1","2","43162","0","10","0",,,"7,21875",,"1789331694580","c5d9bb5cdddd294e0a40d8d9c2c4d1e85f232992220e3f15cee6d3ec8e9bcbf3","C:\Users\sampo\git\GitComet\target\linker-bench\20260913-main\runs\shipping-release-preparation-lld-20260913T203428363-6fe55abc\links\1789331694577780300-10016\metrics.json"
"shipping-release-preparation-lld-20260913T203428363-6fe55abc","1789331694591349800-14348","shipping-release-preparation-lld-20260913T203428363-6fe55abc",,,"shipping-release","preparation","linker","lld",,"132e72528e74f93c355aeac362662d00fd33373af4b5eb02f52883463ae1ff72","warm-filesystem","fresh","none","50",,"False","914e490657920fadfb7089b77c6946ede51a7a1881a94901eb74b6c134ee435b","10","False","False","0","True","0,3894239","0,4150619","0,09375","0,0625","0,171875","0,4140948615134273","20090880","31494144","13868","7","2","43158","0","10","0",,,"13,515625",,"1789331694602","d7d2510dd64bdbd06cb4258fd7176c154b2990e5ea49c08de23975757135852a","C:\Users\sampo\git\GitComet\target\linker-bench\20260913-main\runs\shipping-release-preparation-lld-20260913T203428363-6fe55abc\links\1789331694591349800-14348\metrics.json"
"shipping-release-preparation-lld-20260913T203428363-6fe55abc","1789331694599750200-10772","shipping-release-preparation-lld-20260913T203428363-6fe55abc",,,"shipping-release","preparation","linker","lld",,"132e72528e74f93c355aeac362662d00fd33373af4b5eb02f52883463ae1ff72","warm-filesystem","fresh","none","50",,"False","914e490657920fadfb7089b77c6946ede51a7a1881a94901eb74b6c134ee435b","10","False","False","0","True","0,3667811","0,3721688","0,171875","0,09375","0,296875","0,7976891131121147","21348352","32550912","14112","6","2","52712","0","11","0",,,"12,265625",,"1789331694602","725c064c35f77615358db4078def491c43ab8a0af69c35a10cdd53b1d5a0bebd","C:\Users\sampo\git\GitComet\target\linker-bench\20260913-main\runs\shipping-release-preparation-lld-20260913T203428363-6fe55abc\links\1789331694599750200-10772\metrics.json"
"shipping-release-preparation-lld-20260913T203428363-6fe55abc","1789331694600405500-30836","shipping-release-preparation-lld-20260913T203428363-6fe55abc",,,"shipping-release","preparation","linker","lld",,"132e72528e74f93c355aeac362662d00fd33373af4b5eb02f52883463ae1ff72","warm-filesystem","fresh","none","50",,"False","914e490657920fadfb7089b77c6946ede51a7a1881a94901eb74b6c134ee435b","10","False","False","0","True","0,3817891","0,3897152","0,109375","0,078125","0,203125","0,5212139531637463","20844544","9560064","13917","1","2","43166","0","10","0",,,"12,390625",,"1789331694602","ad3a11960d255ea76253a72f582a048a39a0dcfa8f4d32d6546d83f2b73cfebb","C:\Users\sampo\git\GitComet\target\linker-bench\20260913-main\runs\shipping-release-preparation-lld-20260913T203428363-6fe55abc\links\1789331694600405500-30836\metrics.json"
"shipping-release-preparation-lld-20260913T203428363-6fe55abc","1789331694617730700-25384","shipping-release-preparation-lld-20260913T203428363-6fe55abc",,,"shipping-release","preparation","linker","lld",,"132e72528e74f93c355aeac362662d00fd33373af4b5eb02f52883463ae1ff72","warm-filesystem","fresh","none","50",,"False","914e490657920fadfb7089b77c6946ede51a7a1881a94901eb74b6c134ee435b","10","False","False","0","True","0,3243311","0,4115791","0,109375","0,046875","0,171875","0,4175989499952743","19980288","44105728","13879","38","2","43158","0","10","0",,,"13,875",,"1789331694619","0c84a0f33ba5b27ba18886869d151ea494188c5a4cad907855ba44829956e558","C:\Users\sampo\git\GitComet\target\linker-bench\20260913-main\runs\shipping-release-preparation-lld-20260913T203428363-6fe55abc\links\1789331694617730700-25384\metrics.json"
"shipping-release-preparation-lld-20260913T203428363-6fe55abc","1789331694755757700-15040","shipping-release-preparation-lld-20260913T203428363-6fe55abc",,,"shipping-release","preparation","linker","lld",,"132e72528e74f93c355aeac362662d00fd33373af4b5eb02f52883463ae1ff72","warm-filesystem","fresh","none","50",,"False","914e490657920fadfb7089b77c6946ede51a7a1881a94901eb74b6c134ee435b","10","False","False","0","True","0,2705215","0,3070275","0,203125","0,109375","0,328125","1,0687153430881597","20598784","38129664","13987","39","2","52756","0","11","0",,,"9,5",,"1789331694758","708e3998ba0b4fe93d173695e32437b94dd829151fdd3d7657fb17a27eec9cd7","C:\Users\sampo\git\GitComet\target\linker-bench\20260913-main\runs\shipping-release-preparation-lld-20260913T203428363-6fe55abc\links\1789331694755757700-15040\metrics.json"
"shipping-release-preparation-lld-20260913T203428363-6fe55abc","1789331694763831900-30068","shipping-release-preparation-lld-20260913T203428363-6fe55abc",,,"shipping-release","preparation","linker","lld",,"132e72528e74f93c355aeac362662d00fd33373af4b5eb02f52883463ae1ff72","warm-filesystem","fresh","none","50",,"False","914e490657920fadfb7089b77c6946ede51a7a1881a94901eb74b6c134ee435b","10","False","False","0","True","0,2463142","0,3144255","0,09375","0,078125","0,1875","0,5963256796920097","20172800","40611840","13927","39","2","43158","0","10","0",,,"9,8125",,"1789331694767","478b6ed846d780992482c170de761ded4f3154775771a5452f05683f2ecb27e1","C:\Users\sampo\git\GitComet\target\linker-bench\20260913-main\runs\shipping-release-preparation-lld-20260913T203428363-6fe55abc\links\1789331694763831900-30068\metrics.json"
"shipping-release-preparation-lld-20260913T203428363-6fe55abc","1789331694877197900-3412","shipping-release-preparation-lld-20260913T203428363-6fe55abc",,,"shipping-release","preparation","linker","lld",,"132e72528e74f93c355aeac362662d00fd33373af4b5eb02f52883463ae1ff72","warm-filesystem","fresh","none","50",,"False","914e490657920fadfb7089b77c6946ede51a7a1881a94901eb74b6c134ee435b","10","False","False","0","True","0,3427125","0,347313","0,109375","0,046875","0,171875","0,4948706210248393","20996096","33165312","14173","7","2","52712","0","11","0",,,"11,953125",,"1789331694879","f4cce7c9a9d17117b769b8b984f11f0d02178d66c0964230d5ae3597761c06de","C:\Users\sampo\git\GitComet\target\linker-bench\20260913-main\runs\shipping-release-preparation-lld-20260913T203428363-6fe55abc\links\1789331694877197900-3412\metrics.json"
"shipping-release-preparation-lld-20260913T203428363-6fe55abc","1789331694959127400-16104","shipping-release-preparation-lld-20260913T203428363-6fe55abc",,,"shipping-release","preparation","linker","lld",,"132e72528e74f93c355aeac362662d00fd33373af4b5eb02f52883463ae1ff72","warm-filesystem","fresh","none","50",,"False","914e490657920fadfb7089b77c6946ede51a7a1881a94901eb74b6c134ee435b","10","False","False","0","True","0,2376112","0,303484","0,09375","0,15625","0,265625","0,875252072596908","21049344","38838272","14240","38","2","52712","0","11","0",,,"9,34375",,"1789331694961","e9b1f3afa161fc9549ad3f259c2d431a3b4f5da304314341049b7f7693ea1a5c","C:\Users\sampo\git\GitComet\target\linker-bench\20260913-main\runs\shipping-release-preparation-lld-20260913T203428363-6fe55abc\links\1789331694959127400-16104\metrics.json"
"shipping-release-preparation-lld-20260913T203428363-6fe55abc","1789331694987168600-10452","shipping-release-preparation-lld-20260913T203428363-6fe55abc",,,"shipping-release","preparation","linker","lld",,"132e72528e74f93c355aeac362662d00fd33373af4b5eb02f52883463ae1ff72","warm-filesystem","fresh","none","50",,"False","914e490657920fadfb7089b77c6946ede51a7a1881a94901eb74b6c134ee435b","10","False","False","0","True","0,2538237","0,4153293","0,078125","0,125","0,21875","0,5266905079896843","20217856","47239168","13987","1","2","52724","0","11","0",,,"13,4375",,"1789331695017","95d5d570b784012025544bbf7f3d475eaeeee020eafc184dc21770d0c238e772","C:\Users\sampo\git\GitComet\target\linker-bench\20260913-main\runs\shipping-release-preparation-lld-20260913T203428363-6fe55abc\links\1789331694987168600-10452\metrics.json"
"shipping-release-preparation-lld-20260913T203428363-6fe55abc","1789331695004881000-11856","shipping-release-preparation-lld-20260913T203428363-6fe55abc",,,"shipping-release","preparation","linker","lld",,"132e72528e74f93c355aeac362662d00fd33373af4b5eb02f52883463ae1ff72","warm-filesystem","fresh","none","50",,"False","914e490657920fadfb7089b77c6946ede51a7a1881a94901eb74b6c134ee435b","10","False","False","0","True","0,3055191","0,366443","0,125","0,0625","0,1875","0,5116757585763679","20574208","28028928","14107","7","2","52712","0","11","0",,,"11,78125",,"1789331695007","36f62b43c2c4c299b37af945133e2d28a98155a28cec8ff1176e870858b44393","C:\Users\sampo\git\GitComet\target\linker-bench\20260913-main\runs\shipping-release-preparation-lld-20260913T203428363-6fe55abc\links\1789331695004881000-11856\metrics.json"
"shipping-release-preparation-lld-20260913T203428363-6fe55abc","1789331695015795600-4492","shipping-release-preparation-lld-20260913T203428363-6fe55abc",,,"shipping-release","preparation","linker","lld",,"132e72528e74f93c355aeac362662d00fd33373af4b5eb02f52883463ae1ff72","warm-filesystem","fresh","none","50",,"False","914e490657920fadfb7089b77c6946ede51a7a1881a94901eb74b6c134ee435b","10","False","False","0","True","0,283138","0,3648742","0,171875","0,109375","0,296875","0,8136365903645695","20312064","47333376","13977","23","2","52712","0","11","0",,,"11,96875",,"1789331695019","78de8ae713111fbbf731ceeb69cb3fca86a124659710501de3240a2a35a4491d","C:\Users\sampo\git\GitComet\target\linker-bench\20260913-main\runs\shipping-release-preparation-lld-20260913T203428363-6fe55abc\links\1789331695015795600-4492\metrics.json"
"shipping-release-preparation-lld-20260913T203428363-6fe55abc","1789331695017338700-30356","shipping-release-preparation-lld-20260913T203428363-6fe55abc",,,"shipping-release","preparation","linker","lld",,"132e72528e74f93c355aeac362662d00fd33373af4b5eb02f52883463ae1ff72","warm-filesystem","fresh","none","50",,"False","914e490657920fadfb7089b77c6946ede51a7a1881a94901eb74b6c134ee435b","10","False","False","0","True","0,2460295","0,3363801","0,09375","0,125","0,21875","0,6503060079951222","20402176","42094592","13945","5","2","43162","0","10","0",,,"10,796875",,"1789331695022","79848bd2a036d48fd1838126a0f2230271a89c18906ccb5842e12e19c1d544bd","C:\Users\sampo\git\GitComet\target\linker-bench\20260913-main\runs\shipping-release-preparation-lld-20260913T203428363-6fe55abc\links\1789331695017338700-30356\metrics.json"
"shipping-release-preparation-lld-20260913T203428363-6fe55abc","1789331695099216200-14420","shipping-release-preparation-lld-20260913T203428363-6fe55abc",,,"shipping-release","preparation","linker","lld",,"132e72528e74f93c355aeac362662d00fd33373af4b5eb02f52883463ae1ff72","warm-filesystem","fresh","none","50",,"False","914e490657920fadfb7089b77c6946ede51a7a1881a94901eb74b6c134ee435b","10","False","False","0","True","0,2883935","0,2897503","0,1875","0,125","0,328125","1,13244058763701","20557824","8888320","13839","1","2","43174","0","10","0",,,"9,3125",,"1789331695101","6854813c879561de839579ec238eff6436436dcfdd95c03e60097d4c955f9640","C:\Users\sampo\git\GitComet\target\linker-bench\20260913-main\runs\shipping-release-preparation-lld-20260913T203428363-6fe55abc\links\1789331695099216200-14420\metrics.json"
"shipping-release-preparation-lld-20260913T203428363-6fe55abc","1789331695137822800-9280","shipping-release-preparation-lld-20260913T203428363-6fe55abc",,,"shipping-release","preparation","linker","lld",,"132e72528e74f93c355aeac362662d00fd33373af4b5eb02f52883463ae1ff72","warm-filesystem","fresh","none","50",,"False","914e490657920fadfb7089b77c6946ede51a7a1881a94901eb74b6c134ee435b","10","False","False","0","True","0,2399265","0,3230338","0,109375","0,078125","0,21875","0,6771737199017565","20631552","41897984","14045","39","2","43158","0","10","0",,,"10,28125",,"1789331695141","6681495f2f7703195d39437c819538a9bdd56f59cfe316624da0f4cc391b8f46","C:\Users\sampo\git\GitComet\target\linker-bench\20260913-main\runs\shipping-release-preparation-lld-20260913T203428363-6fe55abc\links\1789331695137822800-9280\metrics.json"
"shipping-release-preparation-lld-20260913T203428363-6fe55abc","1789331695139736000-17404","shipping-release-preparation-lld-20260913T203428363-6fe55abc",,,"shipping-release","preparation","linker","lld",,"132e72528e74f93c355aeac362662d00fd33373af4b5eb02f52883463ae1ff72","warm-filesystem","fresh","none","50",,"False","914e490657920fadfb7089b77c6946ede51a7a1881a94901eb74b6c134ee435b","10","False","False","0","True","0,2835924","0,2839856","0,09375","0,109375","0,21875","0,7702855356046222","20725760","8888320","14090","1","2","52712","0","11","0",,,"9,203125",,"1789331695142","36a1cbed8d5bac19a90f4f62c16a4949b973c02359ff6703e3124f99f31dbdbc","C:\Users\sampo\git\GitComet\target\linker-bench\20260913-main\runs\shipping-release-preparation-lld-20260913T203428363-6fe55abc\links\1789331695139736000-17404\metrics.json"
"shipping-release-preparation-lld-20260913T203428363-6fe55abc","1789331695203280100-11808","shipping-release-preparation-lld-20260913T203428363-6fe55abc",,,"shipping-release","preparation","linker","lld",,"132e72528e74f93c355aeac362662d00fd33373af4b5eb02f52883463ae1ff72","warm-filesystem","fresh","none","50",,"False","914e490657920fadfb7089b77c6946ede51a7a1881a94901eb74b6c134ee435b","10","False","False","0","True","0,2652859","0,3192163","0,140625","0,046875","0,203125","0,6363240223008662","20688896","37335040","13915","38","2","52712","0","11","0",,,"10,4375",,"1789331695205","5a3b80a5a4d1436135f3b79ffd03a915389b35ca66ec652898f6d89d99b4775f","C:\Users\sampo\git\GitComet\target\linker-bench\20260913-main\runs\shipping-release-preparation-lld-20260913T203428363-6fe55abc\links\1789331695203280100-11808\metrics.json"
"shipping-release-preparation-lld-20260913T203428363-6fe55abc","1789331695258908800-30976","shipping-release-preparation-lld-20260913T203428363-6fe55abc",,,"shipping-release","preparation","linker","lld",,"132e72528e74f93c355aeac362662d00fd33373af4b5eb02f52883463ae1ff72","warm-filesystem","fresh","none","50",,"False","914e490657920fadfb7089b77c6946ede51a7a1881a94901eb74b6c134ee435b","10","False","False","0","True","0,2103535","0,2103365","0,125","0,0625","0,203125","0,965714462302073","20750336","8888320","14134","1","2","52700","0","11","0",,,"6,875",,"1789331695261","1e618fd0f9245946cbdcf2300f5c7e7a27dc23f828c41e893e97deeb0e4a1c90","C:\Users\sampo\git\GitComet\target\linker-bench\20260913-main\runs\shipping-release-preparation-lld-20260913T203428363-6fe55abc\links\1789331695258908800-30976\metrics.json"
"shipping-release-preparation-lld-20260913T203428363-6fe55abc","1789331695309641800-10036","shipping-release-preparation-lld-20260913T203428363-6fe55abc",,,"shipping-release","preparation","linker","lld",,"132e72528e74f93c355aeac362662d00fd33373af4b5eb02f52883463ae1ff72","warm-filesystem","fresh","none","50",,"False","914e490657920fadfb7089b77c6946ede51a7a1881a94901eb74b6c134ee435b","10","False","False","0","True","0,2235869","0,2419141","0,125","0,125","0,265625","1,0980137164390171","20246528","38875136","13923","38","2","43158","0","10","0",,,"7,453125",,"1789331695312","538d17b6f65395d40c16606adc0f876496c4d167be3a33f521721e79f590c71b","C:\Users\sampo\git\GitComet\target\linker-bench\20260913-main\runs\shipping-release-preparation-lld-20260913T203428363-6fe55abc\links\1789331695309641800-10036\metrics.json"
"shipping-release-preparation-lld-20260913T203428363-6fe55abc","1789331695369678500-19884","shipping-release-preparation-lld-20260913T203428363-6fe55abc",,,"shipping-release","preparation","linker","lld",,"132e72528e74f93c355aeac362662d00fd33373af4b5eb02f52883463ae1ff72","warm-filesystem","fresh","none","50",,"False","914e490657920fadfb7089b77c6946ede51a7a1881a94901eb74b6c134ee435b","10","False","False","0","True","0,225234","0,349996","0,09375","0,109375","0,21875","0,6250071429387765","21540864","43298816","14262","39","2","52712","0","11","0",,,"10,921875",,"1789331695372","200f2f4688814d10ca86961bf0cc36781dccf757b4679fe8e1efda6041c877c9","C:\Users\sampo\git\GitComet\target\linker-bench\20260913-main\runs\shipping-release-preparation-lld-20260913T203428363-6fe55abc\links\1789331695369678500-19884\metrics.json"
"shipping-release-preparation-lld-20260913T203428363-6fe55abc","1789331695430997000-4140","shipping-release-preparation-lld-20260913T203428363-6fe55abc",,,"shipping-release","preparation","linker","lld",,"132e72528e74f93c355aeac362662d00fd33373af4b5eb02f52883463ae1ff72","warm-filesystem","fresh","none","50",,"False","914e490657920fadfb7089b77c6946ede51a7a1881a94901eb74b6c134ee435b","10","False","False","0","True","0,2062008","0,3201131","0,125","0,078125","0,203125","0,6345413542900932","21065728","47910912","14071","2","2","52732","0","11","0",,,"10,125",,"1789331695433","786f014762eae739768fb48bb9180f78d717b859214089ec3e728bd9670e3fdd","C:\Users\sampo\git\GitComet\target\linker-bench\20260913-main\runs\shipping-release-preparation-lld-20260913T203428363-6fe55abc\links\1789331695430997000-4140\metrics.json"
"shipping-release-preparation-lld-20260913T203428363-6fe55abc","1789331695495912400-10428","shipping-release-preparation-lld-20260913T203428363-6fe55abc",,,"shipping-release","preparation","linker","lld",,"132e72528e74f93c355aeac362662d00fd33373af4b5eb02f52883463ae1ff72","warm-filesystem","fresh","none","50",,"False","914e490657920fadfb7089b77c6946ede51a7a1881a94901eb74b6c134ee435b","10","False","False","0","True","0,2409853","0,3118681","0,078125","0,109375","0,203125","0,6513170151099135","19914752","46526464","13859","38","2","43158","0","10","0",,,"10,34375",,"1789331695520","536742a1d1be3ec59922bce9b19143377593b3e862754faff016bb9f1719c98c","C:\Users\sampo\git\GitComet\target\linker-bench\20260913-main\runs\shipping-release-preparation-lld-20260913T203428363-6fe55abc\links\1789331695495912400-10428\metrics.json"
"shipping-release-preparation-lld-20260913T203428363-6fe55abc","1789331695601690900-24736","shipping-release-preparation-lld-20260913T203428363-6fe55abc",,,"shipping-release","preparation","linker","lld",,"132e72528e74f93c355aeac362662d00fd33373af4b5eb02f52883463ae1ff72","warm-filesystem","fresh","none","50",,"False","914e490657920fadfb7089b77c6946ede51a7a1881a94901eb74b6c134ee435b","10","False","False","0","True","0,2803087","0,4202286","0,1875","0,125","0,328125","0,7808250081027326","20484096","36528128","13900","39","2","43166","0","10","0",,,"13,15625",,"1789331695604","3e3b433cd04e22c039b7b6d0b6bd213faaaeedb01885e94ec8c69f60cb50408a","C:\Users\sampo\git\GitComet\target\linker-bench\20260913-main\runs\shipping-release-preparation-lld-20260913T203428363-6fe55abc\links\1789331695601690900-24736\metrics.json"
"shipping-release-preparation-lld-20260913T203428363-6fe55abc","1789331695634396000-9340","shipping-release-preparation-lld-20260913T203428363-6fe55abc",,,"shipping-release","preparation","linker","lld",,"132e72528e74f93c355aeac362662d00fd33373af4b5eb02f52883463ae1ff72","warm-filesystem","fresh","none","50",,"False","914e490657920fadfb7089b77c6946ede51a7a1881a94901eb74b6c134ee435b","10","False","False","0","True","0,3110895","0,3110007","0,078125","0,140625","0,234375","0,7536156671030001","20516864","33091584","13945","8","2","43158","0","10","0",,,"9,75",,"1789331695636","afcba476070c8ae4c611a81375e020101f30095bb8e915760ffe2cb7e5a5a3e7","C:\Users\sampo\git\GitComet\target\linker-bench\20260913-main\runs\shipping-release-preparation-lld-20260913T203428363-6fe55abc\links\1789331695634396000-9340\metrics.json"
"shipping-release-preparation-lld-20260913T203428363-6fe55abc","1789331695636218000-30596","shipping-release-preparation-lld-20260913T203428363-6fe55abc",,,"shipping-release","preparation","linker","lld",,"132e72528e74f93c355aeac362662d00fd33373af4b5eb02f52883463ae1ff72","warm-filesystem","fresh","none","50",,"False","914e490657920fadfb7089b77c6946ede51a7a1881a94901eb74b6c134ee435b","10","False","False","0","True","0,3027045","0,3049421","0,078125","0,140625","0,234375","0,7685885287731671","20459520","33107968","13962","39","2","52728","0","11","0",,,"9,6875",,"1789331695638","b5eca4fcfbf4611fa220a567fee4c0dfec792322b88d1b0e0c1381b3c037fbcf","C:\Users\sampo\git\GitComet\target\linker-bench\20260913-main\runs\shipping-release-preparation-lld-20260913T203428363-6fe55abc\links\1789331695636218000-30596\metrics.json"
"shipping-release-preparation-lld-20260913T203428363-6fe55abc","1789331695641022800-7180","shipping-release-preparation-lld-20260913T203428363-6fe55abc",,,"shipping-release","preparation","linker","lld",,"132e72528e74f93c355aeac362662d00fd33373af4b5eb02f52883463ae1ff72","warm-filesystem","fresh","none","50",,"False","914e490657920fadfb7089b77c6946ede51a7a1881a94901eb74b6c134ee435b","10","False","False","0","True","0,3206587","0,366569","0,0625","0,09375","0,1875","0,5114998813320275","20869120","42311680","14117","38","2","52728","0","11","0",,,"11,796875",,"1789331695643","11c0c47924298370c6f952628fa480f350124c11b73a5a598e54cc4baeb98b3d","C:\Users\sampo\git\GitComet\target\linker-bench\20260913-main\runs\shipping-release-preparation-lld-20260913T203428363-6fe55abc\links\1789331695641022800-7180\metrics.json"
"shipping-release-preparation-lld-20260913T203428363-6fe55abc","1789331695645685700-2648","shipping-release-preparation-lld-20260913T203428363-6fe55abc",,,"shipping-release","preparation","linker","lld",,"132e72528e74f93c355aeac362662d00fd33373af4b5eb02f52883463ae1ff72","warm-filesystem","fresh","none","50",,"False","914e490657920fadfb7089b77c6946ede51a7a1881a94901eb74b6c134ee435b","10","False","False","0","True","0,3451277","0,3499566","0,15625","0,109375","0,296875","0,8483194773294745","20660224","33161216","14094","6","2","52732","0","11","0",,,"11,1875",,"1789331695648","76adfe77988823e3baef7b44ce15126608d17263a1821fb854b656220622ad4f","C:\Users\sampo\git\GitComet\target\linker-bench\20260913-main\runs\shipping-release-preparation-lld-20260913T203428363-6fe55abc\links\1789331695645685700-2648\metrics.json"
"shipping-release-preparation-lld-20260913T203428363-6fe55abc","1789331695660270000-25272","shipping-release-preparation-lld-20260913T203428363-6fe55abc",,,"shipping-release","preparation","linker","lld",,"132e72528e74f93c355aeac362662d00fd33373af4b5eb02f52883463ae1ff72","warm-filesystem","fresh","none","50",,"False","914e490657920fadfb7089b77c6946ede51a7a1881a94901eb74b6c134ee435b","10","False","False","0","True","0,3557552","0,43688","0,046875","0,078125","0,140625","0,32188472807178176","20496384","45273088","13993","40","2","52732","0","11","0",,,"14,46875",,"1789331695662","67aa46aca93c444d02b171a9ea7ce4791c8cc63c2ffb10f7a43f7617f76d8dae","C:\Users\sampo\git\GitComet\target\linker-bench\20260913-main\runs\shipping-release-preparation-lld-20260913T203428363-6fe55abc\links\1789331695660270000-25272\metrics.json"
"shipping-release-preparation-lld-20260913T203428363-6fe55abc","1789331695675527100-3344","shipping-release-preparation-lld-20260913T203428363-6fe55abc",,,"shipping-release","preparation","linker","lld",,"132e72528e74f93c355aeac362662d00fd33373af4b5eb02f52883463ae1ff72","warm-filesystem","fresh","none","50",,"False","914e490657920fadfb7089b77c6946ede51a7a1881a94901eb74b6c134ee435b","10","False","False","0","True","0,3321426","0,4335766","0,1875","0,046875","0,265625","0,6126368443315438","20639744","47603712","14046","38","2","43158","0","10","0",,,"14,015625",,"1789331695677","ee4290aa3de85f2b080826554d00721179a537737779ac5804f8104a2acecf4a","C:\Users\sampo\git\GitComet\target\linker-bench\20260913-main\runs\shipping-release-preparation-lld-20260913T203428363-6fe55abc\links\1789331695675527100-3344\metrics.json"
"shipping-release-preparation-lld-20260913T203428363-6fe55abc","1789331695721176900-19328","shipping-release-preparation-lld-20260913T203428363-6fe55abc",,,"shipping-release","preparation","linker","lld",,"132e72528e74f93c355aeac362662d00fd33373af4b5eb02f52883463ae1ff72","warm-filesystem","fresh","none","50",,"False","914e490657920fadfb7089b77c6946ede51a7a1881a94901eb74b6c134ee435b","10","False","False","0","True","0,2479966","0,3096866","0,140625","0,0625","0,203125","0,6559050343153369","21049344","38621184","14080","39","2","43162","0","10","0",,,"10,125",,"1789331695751","6f55632fd8f042e058b4c01f12f3b0a3b539cad6eb1740414165cb50d7792fa0","C:\Users\sampo\git\GitComet\target\linker-bench\20260913-main\runs\shipping-release-preparation-lld-20260913T203428363-6fe55abc\links\1789331695721176900-19328\metrics.json"
"shipping-release-preparation-lld-20260913T203428363-6fe55abc","1789331695790288800-26960","shipping-release-preparation-lld-20260913T203428363-6fe55abc",,,"shipping-release","preparation","linker","lld",,"132e72528e74f93c355aeac362662d00fd33373af4b5eb02f52883463ae1ff72","warm-filesystem","fresh","none","50",,"False","914e490657920fadfb7089b77c6946ede51a7a1881a94901eb74b6c134ee435b","10","False","False","0","True","0,3607132","0,3599043","0,109375","0,140625","0,28125","0,7814577375152227","20914176","37834752","14078","40","2","43166","0","10","0",,,"11,34375",,"1789331695805","b0ff6216b9ad3becba88a76fbccc79389567699bb606e128d13c93f36e928457","C:\Users\sampo\git\GitComet\target\linker-bench\20260913-main\runs\shipping-release-preparation-lld-20260913T203428363-6fe55abc\links\1789331695790288800-26960\metrics.json"
"shipping-release-preparation-lld-20260913T203428363-6fe55abc","1789331695825052500-14400","shipping-release-preparation-lld-20260913T203428363-6fe55abc",,,"shipping-release","preparation","linker","lld",,"132e72528e74f93c355aeac362662d00fd33373af4b5eb02f52883463ae1ff72","warm-filesystem","fresh","none","50",,"False","914e490657920fadfb7089b77c6946ede51a7a1881a94901eb74b6c134ee435b","10","False","False","0","True","0,2832665","0,3549849","0,0625","0,0625","0,140625","0,39614361061555015","21123072","42328064","14045","43","2","52740","0","11","0",,,"11,53125",,"1789331695841","36edc15295a59c83d60d12af6b75521543de1c6c9323e7676eb5145bea971994","C:\Users\sampo\git\GitComet\target\linker-bench\20260913-main\runs\shipping-release-preparation-lld-20260913T203428363-6fe55abc\links\1789331695825052500-14400\metrics.json"
"shipping-release-preparation-lld-20260913T203428363-6fe55abc","1789331695835980400-10448","shipping-release-preparation-lld-20260913T203428363-6fe55abc",,,"shipping-release","preparation","linker","lld",,"132e72528e74f93c355aeac362662d00fd33373af4b5eb02f52883463ae1ff72","warm-filesystem","fresh","none","50",,"False","914e490657920fadfb7089b77c6946ede51a7a1881a94901eb74b6c134ee435b","10","False","False","0","True","0,3561498","0,3592767","0,21875","0,1875","0,4375","1,2177243890294027","20037632","27729920","13792","6","2","52712","0","11","0",,,"11,21875",,"1789331695840","4639f69ff53d9a21400c1577ac088ed3260afb4ca1ef9fb57281fd8c54268cab","C:\Users\sampo\git\GitComet\target\linker-bench\20260913-main\runs\shipping-release-preparation-lld-20260913T203428363-6fe55abc\links\1789331695835980400-10448\metrics.json"
"shipping-release-preparation-lld-20260913T203428363-6fe55abc","1789331695961604900-2356","shipping-release-preparation-lld-20260913T203428363-6fe55abc",,,"shipping-release","preparation","linker","lld",,"132e72528e74f93c355aeac362662d00fd33373af4b5eb02f52883463ae1ff72","warm-filesystem","fresh","none","50",,"False","914e490657920fadfb7089b77c6946ede51a7a1881a94901eb74b6c134ee435b","10","False","False","0","True","0,2949157","0,4010488","0,078125","0,078125","0,171875","0,4285638057014508","20639744","42434560","14115","39","2","52716","0","11","0",,,"12,9375",,"1789331695997","cb215cb91706402da62f69f71fb55cb955a0a0b7a321d3c8f4d0ccb2f03741b1","C:\Users\sampo\git\GitComet\target\linker-bench\20260913-main\runs\shipping-release-preparation-lld-20260913T203428363-6fe55abc\links\1789331695961604900-2356\metrics.json"
"shipping-release-preparation-lld-20260913T203428363-6fe55abc","1789331696000844000-5888","shipping-release-preparation-lld-20260913T203428363-6fe55abc",,,"shipping-release","preparation","linker","lld",,"132e72528e74f93c355aeac362662d00fd33373af4b5eb02f52883463ae1ff72","warm-filesystem","fresh","none","50",,"False","914e490657920fadfb7089b77c6946ede51a7a1881a94901eb74b6c134ee435b","10","False","False","0","True","0,2171779","0,2213281","0,078125","0,0625","0,171875","0,7765620361806748","19841024","8888320","13773","1","2","43178","0","10","0",,,"8,09375",,"1789331696003","43715c485b5390b3fd2938abbca810ae1a34702182cbf3eac70cfab94f367eb0","C:\Users\sampo\git\GitComet\target\linker-bench\20260913-main\runs\shipping-release-preparation-lld-20260913T203428363-6fe55abc\links\1789331696000844000-5888\metrics.json"
"shipping-release-preparation-lld-20260913T203428363-6fe55abc","1789331696094874700-11708","shipping-release-preparation-lld-20260913T203428363-6fe55abc",,,"shipping-release","preparation","linker","lld",,"132e72528e74f93c355aeac362662d00fd33373af4b5eb02f52883463ae1ff72","warm-filesystem","fresh","none","50",,"False","914e490657920fadfb7089b77c6946ede51a7a1881a94901eb74b6c134ee435b","10","False","False","0","True","0,2954712","0,3586384","0,09375","0,140625","0,25","0,6970809595403057","21319680","32784384","14186","8","2","43166","0","10","0",,,"12,34375",,"1789331696097","ab85e4e48e83a2c3a8ba2fdcfb35a5d5390221fb70364580cf3c16f67772a9fc","C:\Users\sampo\git\GitComet\target\linker-bench\20260913-main\runs\shipping-release-preparation-lld-20260913T203428363-6fe55abc\links\1789331696094874700-11708\metrics.json"
"shipping-release-preparation-lld-20260913T203428363-6fe55abc","1789331696153315600-31700","shipping-release-preparation-lld-20260913T203428363-6fe55abc",,,"shipping-release","preparation","linker","lld",,"132e72528e74f93c355aeac362662d00fd33373af4b5eb02f52883463ae1ff72","warm-filesystem","fresh","none","50",,"False","914e490657920fadfb7089b77c6946ede51a7a1881a94901eb74b6c134ee435b","10","False","False","0","True","0,2385761","0,2395244","0,046875","0,078125","0,140625","0,5871009383595158","20377600","8888320","14020","1","2","43142","0","10","0",,,"7,875",,"1789331696163","820e07c1a1104c0c5c96089a4d0ae1aee1b8ea28cc0f59f21f03c0f000235c34","C:\Users\sampo\git\GitComet\target\linker-bench\20260913-main\runs\shipping-release-preparation-lld-20260913T203428363-6fe55abc\links\1789331696153315600-31700\metrics.json"
"shipping-release-preparation-lld-20260913T203428363-6fe55abc","1789331696193901200-5856","shipping-release-preparation-lld-20260913T203428363-6fe55abc",,,"shipping-release","preparation","linker","lld",,"132e72528e74f93c355aeac362662d00fd33373af4b5eb02f52883463ae1ff72","warm-filesystem","fresh","none","50",,"False","914e490657920fadfb7089b77c6946ede51a7a1881a94901eb74b6c134ee435b","10","False","False","0","True","0,2593994","0,2631422","0,109375","0,09375","0,234375","0,8906781200430794","20127744","8888320","13798","1","2","43174","0","10","0",,,"9,921875",,"1789331696196","58fa75177115bffc2f4d165c4100a66abb060cdc9e97c81cfc3fd3a57dab00ad","C:\Users\sampo\git\GitComet\target\linker-bench\20260913-main\runs\shipping-release-preparation-lld-20260913T203428363-6fe55abc\links\1789331696193901200-5856\metrics.json"
"shipping-release-preparation-lld-20260913T203428363-6fe55abc","1789331696213927200-3164","shipping-release-preparation-lld-20260913T203428363-6fe55abc",,,"shipping-release","preparation","linker","lld",,"132e72528e74f93c355aeac362662d00fd33373af4b5eb02f52883463ae1ff72","warm-filesystem","fresh","none","50",,"False","914e490657920fadfb7089b77c6946ede51a7a1881a94901eb74b6c134ee435b","10","False","False","0","True","0,2672376","0,426335","0,125","0,125","0,265625","0,62304291226383","20189184","41836544","13865","38","2","43134","0","10","0",,,"14,203125",,"1789331696259","182c289c7628cc781e33f2ea4b821ebfa70378af631aa21196a4deb7701c9792","C:\Users\sampo\git\GitComet\target\linker-bench\20260913-main\runs\shipping-release-preparation-lld-20260913T203428363-6fe55abc\links\1789331696213927200-3164\metrics.json"
"shipping-release-preparation-lld-20260913T203428363-6fe55abc","1789331696254055500-5812","shipping-release-preparation-lld-20260913T203428363-6fe55abc",,,"shipping-release","preparation","linker","lld",,"132e72528e74f93c355aeac362662d00fd33373af4b5eb02f52883463ae1ff72","warm-filesystem","fresh","none","50",,"False","914e490657920fadfb7089b77c6946ede51a7a1881a94901eb74b6c134ee435b","10","False","False","0","True","0,2783575","0,4277498","0,078125","0,203125","0,296875","0,6940388984401629","20344832","38825984","14011","38","2","43182","0","10","0",,,"13,875",,"1789331696257","78fed9b9c9f9091f70e9ac14729b4ea6f12cd8aff46c12ca77ee53d99b9a67d5","C:\Users\sampo\git\GitComet\target\linker-bench\20260913-main\runs\shipping-release-preparation-lld-20260913T203428363-6fe55abc\links\1789331696254055500-5812\metrics.json"
"shipping-release-preparation-lld-20260913T203428363-6fe55abc","1789331696258915500-24020","shipping-release-preparation-lld-20260913T203428363-6fe55abc",,,"shipping-release","preparation","linker","lld",,"132e72528e74f93c355aeac362662d00fd33373af4b5eb02f52883463ae1ff72","warm-filesystem","fresh","none","50",,"False","914e490657920fadfb7089b77c6946ede51a7a1881a94901eb74b6c134ee435b","10","False","False","0","True","0,2407172","0,2408523","0,078125","0,140625","0,21875","0,908232970995087","20365312","8884224","13825","1","2","43166","0","10","0",,,"8,109375",,"1789331696289","24f7e42358558c4ba35a186d2ba8c874c0e73d3be7ea27b3c1b99e14b9725722","C:\Users\sampo\git\GitComet\target\linker-bench\20260913-main\runs\shipping-release-preparation-lld-20260913T203428363-6fe55abc\links\1789331696258915500-24020\metrics.json"
"shipping-release-preparation-lld-20260913T203428363-6fe55abc","1789331696291729600-22284","shipping-release-preparation-lld-20260913T203428363-6fe55abc",,,"shipping-release","preparation","linker","lld",,"132e72528e74f93c355aeac362662d00fd33373af4b5eb02f52883463ae1ff72","warm-filesystem","fresh","none","50",,"False","914e490657920fadfb7089b77c6946ede51a7a1881a94901eb74b6c134ee435b","10","False","False","0","True","0,3248318","0,3562242","0,125","0,25","0,375","1,0527078171556004","20738048","38248448","14069","39","2","43154","0","10","0",,,"11,125",,"1789331696294","ab46e81c20db524a68e6a603c1be279110d16c252f6c5f07f93841d9884d41c4","C:\Users\sampo\git\GitComet\target\linker-bench\20260913-main\runs\shipping-release-preparation-lld-20260913T203428363-6fe55abc\links\1789331696291729600-22284\metrics.json"
"shipping-release-preparation-lld-20260913T203428363-6fe55abc","1789331696325560500-3340","shipping-release-preparation-lld-20260913T203428363-6fe55abc",,,"shipping-release","preparation","linker","lld",,"132e72528e74f93c355aeac362662d00fd33373af4b5eb02f52883463ae1ff72","warm-filesystem","fresh","none","50",,"False","914e490657920fadfb7089b77c6946ede51a7a1881a94901eb74b6c134ee435b","10","False","False","0","True","0,2893125","0,2993333","0,109375","0,109375","0,234375","0,7829900649209426","20860928","34955264","13914","40","2","43150","0","10","0",,,"10,4375",,"1789331696392","3c2eb728e1b86f2f98d3deafb23fb7cc5606d3e464dd4cf30c7938f896c33fa7","C:\Users\sampo\git\GitComet\target\linker-bench\20260913-main\runs\shipping-release-preparation-lld-20260913T203428363-6fe55abc\links\1789331696325560500-3340\metrics.json"
"shipping-release-preparation-lld-20260913T203428363-6fe55abc","1789331696345907300-13732","shipping-release-preparation-lld-20260913T203428363-6fe55abc",,,"shipping-release","preparation","linker","lld",,"132e72528e74f93c355aeac362662d00fd33373af4b5eb02f52883463ae1ff72","warm-filesystem","fresh","none","50",,"False","914e490657920fadfb7089b77c6946ede51a7a1881a94901eb74b6c134ee435b","10","False","False","0","True","0,2546287","0,3611605","0,125","0,109375","0,265625","0,7354763325446719","20504576","47226880","13875","1","2","43142","0","10","0",,,"11,46875",,"1789331696351","79b21c69ff0003473fb8f0b6f411b07f6c2f9892223211d46e87f116b5f3f9f3","C:\Users\sampo\git\GitComet\target\linker-bench\20260913-main\runs\shipping-release-preparation-lld-20260913T203428363-6fe55abc\links\1789331696345907300-13732\metrics.json"
"shipping-release-preparation-lld-20260913T203428363-6fe55abc","1789331696362524500-6948","shipping-release-preparation-lld-20260913T203428363-6fe55abc",,,"shipping-release","preparation","linker","lld",,"132e72528e74f93c355aeac362662d00fd33373af4b5eb02f52883463ae1ff72","warm-filesystem","fresh","none","50",,"False","914e490657920fadfb7089b77c6946ede51a7a1881a94901eb74b6c134ee435b","10","False","False","0","True","0,3046567","0,3563346","0,0625","0,078125","0,15625","0,43849236083164533","20365312","41975808","13966","40","2","43170","0","10","0",,,"11,34375",,"1789331696364","b137b7ab18a2392c61e689433d9476c8e9687f1c994b6e428a7844d5a9ede07f","C:\Users\sampo\git\GitComet\target\linker-bench\20260913-main\runs\shipping-release-preparation-lld-20260913T203428363-6fe55abc\links\1789331696362524500-6948\metrics.json"
"shipping-release-preparation-lld-20260913T203428363-6fe55abc","1789331696387759200-29912","shipping-release-preparation-lld-20260913T203428363-6fe55abc",,,"shipping-release","preparation","linker","lld",,"132e72528e74f93c355aeac362662d00fd33373af4b5eb02f52883463ae1ff72","warm-filesystem","fresh","none","50",,"False","914e490657920fadfb7089b77c6946ede51a7a1881a94901eb74b6c134ee435b","10","False","False","0","True","0,2538471","0,3280596","0,265625","0,265625","0,546875","1,6669989233663638","21422080","48447488","14212","1","2","52712","0","11","0",,,"9,953125",,"1789331696392","d6468d700b1417eace696ae798877c8ba1f320f8c159725e5d9c4cf3e81b7f0e","C:\Users\sampo\git\GitComet\target\linker-bench\20260913-main\runs\shipping-release-preparation-lld-20260913T203428363-6fe55abc\links\1789331696387759200-29912\metrics.json"
"shipping-release-preparation-lld-20260913T203428363-6fe55abc","1789331696426176600-24464","shipping-release-preparation-lld-20260913T203428363-6fe55abc",,,"shipping-release","preparation","linker","lld",,"132e72528e74f93c355aeac362662d00fd33373af4b5eb02f52883463ae1ff72","warm-filesystem","fresh","none","50",,"False","914e490657920fadfb7089b77c6946ede51a7a1881a94901eb74b6c134ee435b","10","False","False","0","True","0,3037544","0,3036045","0,109375","0,140625","0,265625","0,8749046868541145","20635648","33103872","13956","8","2","43158","0","10","0",,,"9,734375",,"1789331696429","b474856818c7961eebb97a3582b6042c045696c10c7fdc27a05971324633d284","C:\Users\sampo\git\GitComet\target\linker-bench\20260913-main\runs\shipping-release-preparation-lld-20260913T203428363-6fe55abc\links\1789331696426176600-24464\metrics.json"
"shipping-release-preparation-lld-20260913T203428363-6fe55abc","1789331696610203700-18404","shipping-release-preparation-lld-20260913T203428363-6fe55abc",,,"shipping-release","preparation","linker","lld",,"132e72528e74f93c355aeac362662d00fd33373af4b5eb02f52883463ae1ff72","warm-filesystem","fresh","none","50",,"False","914e490657920fadfb7089b77c6946ede51a7a1881a94901eb74b6c134ee435b","10","False","False","0","True","0,1726797","0,2492604","0,140625","0,125","0,28125","1,1283380753621515","13000704","27787264","9204","1","2","53260","0","11","0",,,"7,9375",,"1789331696612","8a99b9f100cc2f63ab41e209c922b65850aeddbc25d6bb8861eed5d6dcddda37","C:\Users\sampo\git\GitComet\target\linker-bench\20260913-main\runs\shipping-release-preparation-lld-20260913T203428363-6fe55abc\links\1789331696610203700-18404\metrics.json"
"shipping-release-preparation-lld-20260913T203428363-6fe55abc","1789331708799786400-19896","shipping-release-preparation-lld-20260913T203428363-6fe55abc",,,"shipping-release","preparation","linker","lld",,"132e72528e74f93c355aeac362662d00fd33373af4b5eb02f52883463ae1ff72","warm-filesystem","fresh","none","50",,"False","914e490657920fadfb7089b77c6946ede51a7a1881a94901eb74b6c134ee435b","10","False","False","0","True","0,8625175","0,8994393","0,5","0,234375","0,75","0,8338528236424625","81907712","181182464","55801","38","2","107919","0","14","0",,,"28,15625",,"1789331708806","b216c42bc3a5838dde9d88df5253cd004e055b67b3e3f36c022aa3e2446bf8e6","C:\Users\sampo\git\GitComet\target\linker-bench\20260913-main\runs\shipping-release-preparation-lld-20260913T203428363-6fe55abc\links\1789331708799786400-19896\metrics.json"
"shipping-release-preparation-lld-20260913T203428363-6fe55abc","1789331713218696500-30772","shipping-release-preparation-lld-20260913T203428363-6fe55abc",,,"shipping-release","preparation","linker","lld",,"132e72528e74f93c355aeac362662d00fd33373af4b5eb02f52883463ae1ff72","warm-filesystem","fresh","none","50",,"False","914e490657920fadfb7089b77c6946ede51a7a1881a94901eb74b6c134ee435b","10","False","False","0","True","0,2178389","0,2178718","0,125","0,09375","0,234375","1,0757472972638038","31432704","50483200","19319","39","2","67852","0","13","0",,,"5,828125",,"1789331713225","52a690a697bf26ac6c43c72fa88a71dbcee1b184542589698278b3c267b3ed6d","C:\Users\sampo\git\GitComet\target\linker-bench\20260913-main\runs\shipping-release-preparation-lld-20260913T203428363-6fe55abc\links\1789331713218696500-30772\metrics.json"
"shipping-release-preparation-lld-20260913T203428363-6fe55abc","1789331714475569800-30592","shipping-release-preparation-lld-20260913T203428363-6fe55abc",,,"shipping-release","preparation","linker","lld",,"132e72528e74f93c355aeac362662d00fd33373af4b5eb02f52883463ae1ff72","warm-filesystem","fresh","none","50",,"False","914e490657920fadfb7089b77c6946ede51a7a1881a94901eb74b6c134ee435b","10","False","False","0","True","0,1522329","0,1522393","0,046875","0,125","0,1875","1,2316136503517818","29343744","59072512","19057","40","2","47957","1964","12","1",,,"2,984375",,"1789331714477","0aae80cf39afec3c5fdd498bc3e98375f7bbebdf4c6dece243beb773455113f0","C:\Users\sampo\git\GitComet\target\linker-bench\20260913-main\runs\shipping-release-preparation-lld-20260913T203428363-6fe55abc\links\1789331714475569800-30592\metrics.json"
"shipping-release-preparation-lld-20260913T203428363-6fe55abc","1789332455659850300-22228","shipping-release-preparation-lld-20260913T203428363-6fe55abc",,,"shipping-release","preparation","linker","lld",,"132e72528e74f93c355aeac362662d00fd33373af4b5eb02f52883463ae1ff72","warm-filesystem","fresh","none","50",,"False","914e490657920fadfb7089b77c6946ede51a7a1881a94901eb74b6c134ee435b","10","True","True","0","True","1,2034911","1,2283245","1,296875","0,96875","2,265625","1,8444840919480152","107966464","701681664","180942","38","2","119802","348932467","25","454",,,"2,578125",,"1789332455663","f5b56244228cbd4c495838015e4aa906aed7591183d02dac84ed44c433971d3b","C:\Users\sampo\git\GitComet\target\linker-bench\20260913-main\runs\shipping-release-preparation-lld-20260913T203428363-6fe55abc\links\1789332455659850300-22228\metrics.json"
"shipping-release-preparation-lld-20260913T203428363-6fe55abc",,,,,"shipping-release","preparation","cargo","lld",,"132e72528e74f93c355aeac362662d00fd33373af4b5eb02f52883463ae1ff72","warm-filesystem","fresh","none","50",,"False","914e490657920fadfb7089b77c6946ede51a7a1881a94901eb74b6c134ee435b","10",,,"0","True","788,7858049","788,7979677","4","4,75","2384,90625","3,023469060086424","14651736064","184193024","49815144","38","2197","943738770","4412379330","107191","461907","114967040","131100672","698,34375",,"1789331668396","0854d10dec70634af8b77c1a7786fa0131e5bebed615e26de037fc68949fd388","C:\Users\sampo\git\GitComet\target\linker-bench\20260913-main\runs\shipping-release-preparation-lld-20260913T203428363-6fe55abc\metrics.json"
"shipping-release-replay-lld-20260914T050335415-c5728969",,,"replay-20260914T050333826-51e82e90-0","1","shipping-release","replay","linker","lld","edc69408b4b4669750cbfc0d0d7a7c73a80d4c1b1998965abaabddb19f92a129","132e72528e74f93c355aeac362662d00fd33373af4b5eb02f52883463ae1ff72","warm-filesystem","fresh","none","50","0","False","914e490657920fadfb7089b77c6946ede51a7a1881a94901eb74b6c134ee435b","10","True",,"0","True","0,9975924","0,9976132","1,109375","0,859375","1,96875","1,9734602549364824","108437504","636059648","168323","37","2","119802","18262","25","2","114967040","131092480","0,90625","0","1789362215433","cc260907701b0b9982beadba0997ef2512421c3c0fe9f7d0a0db7f66f7fb6f09","C:\Users\sampo\git\GitComet\target\linker-bench\20260913-main\runs\shipping-release-replay-lld-20260914T050335415-c5728969\metrics.json"
"shipping-release-replay-msvc-20260914T050333853-019cce8a",,,"replay-20260914T050333826-51e82e90-0","0","shipping-release","replay","linker","msvc","edc69408b4b4669750cbfc0d0d7a7c73a80d4c1b1998965abaabddb19f92a129","132e72528e74f93c355aeac362662d00fd33373af4b5eb02f52883463ae1ff72","warm-filesystem","fresh","none","50","0","False","914e490657920fadfb7089b77c6946ede51a7a1881a94901eb74b6c134ee435b","10","True",,"0","True","1,2687264","1,2806872","0,9375","0,484375","1,6875","1,317651960603651","777949184","877195264","433371","20","4","327900739","130258732","1389","1537","114972160","130969600","0,890625","0","1789362213870","c15776c23f97fe41383abe310e7aec30094b63e41684285ee2314d26faa0f081","C:\Users\sampo\git\GitComet\target\linker-bench\20260913-main\runs\shipping-release-replay-msvc-20260914T050333853-019cce8a\metrics.json"
